"","id","species","brightness","microhab","species_code"
"1","SL14-01","amastroides",1634.963569,"terrestrial",3
"2","SL14-01","amastroides",487.3284303,"terrestrial",3
"3","SL14-01","amastroides",2673.392933,"terrestrial",3
"4","SL14-01","amastroides",2533.397955,"terrestrial",3
"5","SL14-01","amastroides",1049.571759,"terrestrial",3
"6","SL14-01","amastroides",645.7658213,"terrestrial",3
"7","SL14-01","amastroides",1502.784845,"terrestrial",3
"8","SL14-01","amastroides",495.888557,"terrestrial",3
"9","SL14-01","amastroides",1376.769721,"terrestrial",3
"10","SL14-01","amastroides",903.066382,"terrestrial",3
"11","SL14-01","amastroides",754.9923968,"terrestrial",3
"12","SL14-01","amastroides",1062.00077,"terrestrial",3
"13","SL14-01","amastroides",892.0306772,"terrestrial",3
"14","SL14-01","amastroides",501.397518,"terrestrial",3
"15","SL14-01","amastroides",1073.058423,"terrestrial",3
"16","SL14-01","amastroides",2380.814137,"terrestrial",3
"17","SL14-01","amastroides",512.9343057,"terrestrial",3
"18","SL14-01","amastroides",656.9541498,"terrestrial",3
"19","SL14-01","amastroides",2123.190582,"terrestrial",3
"20","SL14-01","amastroides",732.5291782,"terrestrial",3
"21","SL14-01","amastroides",999.301615,"terrestrial",3
"22","SL14-01","amastroides",1561.978827,"terrestrial",3
"23","SL14-01","amastroides",1458.490619,"terrestrial",3
"24","SL14-06","perspectivus",3091.028004,"terrestrial",25
"25","SL14-06","perspectivus",981.9413222,"terrestrial",25
"26","SL14-06","perspectivus",1736.150672,"terrestrial",25
"27","SL14-06","perspectivus",1771.033648,"terrestrial",25
"28","SL14-06","perspectivus",3211.392679,"terrestrial",25
"29","SL14-06","perspectivus",1992.41944,"terrestrial",25
"30","SL14-06","perspectivus",2753.346278,"terrestrial",25
"31","SL14-06","perspectivus",2073.331831,"terrestrial",25
"32","SL14-06","perspectivus",2349.897674,"terrestrial",25
"33","SL14-06","perspectivus",2134.370773,"terrestrial",25
"34","SL14-06","perspectivus",2194.404936,"terrestrial",25
"35","SL14-06","perspectivus",1836.567899,"terrestrial",25
"36","SL14-06","perspectivus",2076.053512,"terrestrial",25
"37","SL14-06","perspectivus",2201.114636,"terrestrial",25
"38","SL14-06","perspectivus",1958.431975,"terrestrial",25
"39","SL14-06","perspectivus",2906.696025,"terrestrial",25
"40","SL14-06","perspectivus",3567.452435,"terrestrial",25
"41","SL14-06","perspectivus",1420.492776,"terrestrial",25
"42","SL14-06","perspectivus",1785.123695,"terrestrial",25
"43","SL14-06","perspectivus",2270.980768,"terrestrial",25
"44","SL14-06","perspectivus",1847.754374,"terrestrial",25
"45","SL14-06","perspectivus",2121.780428,"terrestrial",25
"46","SL14-06","perspectivus",2386.029534,"terrestrial",25
"47","SL14-06","perspectivus",2212.432412,"terrestrial",25
"48","SL14-06","perspectivus",2036.55,"terrestrial",25
"49","SL14-06","perspectivus",1656.147944,"terrestrial",25
"50","SL14-06","perspectivus",1736.555989,"terrestrial",25
"51","SL14-06","perspectivus",2190.52833,"terrestrial",25
"52","SL14-06","perspectivus",1700.64749,"terrestrial",25
"53","SL14-06","perspectivus",1823.3158,"terrestrial",25
"54","SL14-06","perspectivus",1563.977017,"terrestrial",25
"55","SL14-06","perspectivus",2170.722331,"terrestrial",25
"56","SL14-06","perspectivus",2520.186608,"terrestrial",25
"57","SL14-06","perspectivus",2312.992786,"terrestrial",25
"58","SL14-06","perspectivus",2620.528193,"terrestrial",25
"59","SL14-06","perspectivus",2496.60859,"terrestrial",25
"60","SL14-06","perspectivus",2522.090697,"terrestrial",25
"61","SL14-06","perspectivus",3043.833439,"terrestrial",25
"62","SL14-06","perspectivus",2244.484864,"terrestrial",25
"63","SL14-06","perspectivus",2812.801669,"terrestrial",25
"64","SL14-06","chemnitzioides",2452.830644,"terrestrial",10
"65","SL14-06","chemnitzioides",2263.191226,"terrestrial",10
"66","SL14-06","chemnitzioides",2829.682373,"terrestrial",10
"67","SL14-06","chemnitzioides",2495.531604,"terrestrial",10
"68","SL14-06","chemnitzioides",2251.153032,"terrestrial",10
"69","SL14-06","chemnitzioides",2191.078531,"terrestrial",10
"70","SL14-06","chemnitzioides",2777.67492,"terrestrial",10
"71","SL14-06","chemnitzioides",3704.503067,"terrestrial",10
"72","SL14-06","chemnitzioides",3942.715435,"terrestrial",10
"73","SL14-06","chemnitzioides",2474.282977,"terrestrial",10
"74","SL14-06","chemnitzioides",2312.384193,"terrestrial",10
"75","SL14-06","chemnitzioides",3030.891691,"terrestrial",10
"76","SL14-06","chemnitzioides",2573.490502,"terrestrial",10
"77","SL14-06","chemnitzioides",2727.807039,"terrestrial",10
"78","SL14-06","chemnitzioides",3043.233885,"terrestrial",10
"79","SL14-06","chemnitzioides",2513.373872,"terrestrial",10
"80","SL14-06","chemnitzioides",2926.997303,"terrestrial",10
"81","SL14-06","chemnitzioides",4106.001689,"terrestrial",10
"82","SL14-06","chemnitzioides",2902.847517,"terrestrial",10
"83","SL14-06","chemnitzioides",3150.786174,"terrestrial",10
"84","SL14-06","chemnitzioides",3410.654057,"terrestrial",10
"85","SL14-06","chemnitzioides",2631.200312,"terrestrial",10
"86","SL14-06","chemnitzioides",2665.289264,"terrestrial",10
"87","SL14-06","chemnitzioides",3112.34308,"terrestrial",10
"88","SL14-06","chemnitzioides",8529.812023,"terrestrial",10
"89","SL14-07","chemnitzioides",2914.698354,"terrestrial",10
"90","SL14-07","chemnitzioides",1434.446317,"terrestrial",10
"91","SL14-07","chemnitzioides",2384.628607,"terrestrial",10
"92","SL14-07","chemnitzioides",1045.178075,"terrestrial",10
"93","SL14-07","chemnitzioides",1243.870506,"terrestrial",10
"94","SL14-07","chemnitzioides",675.9317795,"terrestrial",10
"95","SL14-07","chemnitzioides",1436.025202,"terrestrial",10
"96","SL14-07","chemnitzioides",1619.632895,"terrestrial",10
"97","SL14-07","chemnitzioides",2478.24517,"terrestrial",10
"98","SL14-07","chemnitzioides",2461.091484,"terrestrial",10
"99","SL14-07","chemnitzioides",2368.44635,"terrestrial",10
"100","SL14-07","chemnitzioides",2856.512833,"terrestrial",10
"101","SL14-07","chemnitzioides",2547.455063,"terrestrial",10
"102","SL14-07","chemnitzioides",4699.496508,"terrestrial",10
"103","SL14-07","chemnitzioides",3673.617472,"terrestrial",10
"104","SL14-07","chemnitzioides",1983.662305,"terrestrial",10
"105","SL14-07","chemnitzioides",1564.93603,"terrestrial",10
"106","SL14-07","chemnitzioides",2258.518378,"terrestrial",10
"107","SL14-07","chemnitzioides",2622.714294,"terrestrial",10
"108","SL14-07","chemnitzioides",2067.717154,"terrestrial",10
"109","SL14-07","chemnitzioides",1824.658221,"terrestrial",10
"110","SL14-07","chemnitzioides",4752.397861,"terrestrial",10
"111","SL14-07","chemnitzioides",1981.468467,"terrestrial",10
"112","SL14-07","chemnitzioides",2856.484548,"terrestrial",10
"113","SL14-07","chemnitzioides",1958.413556,"terrestrial",10
"114","SL14-07","chemnitzioides",3109.856625,"terrestrial",10
"115","SL14-07","chemnitzioides",1505.972216,"terrestrial",10
"116","SL14-07","chemnitzioides",2160.590063,"terrestrial",10
"117","SC14-01","reibischi",7641.740843,"arboreal",30
"118","SC14-02","reibischi",5514.655197,"arboreal",30
"119","SC14-02","reibischi",6481.530311,"arboreal",30
"120","SC14-02","reibischi",9178.950907,"arboreal",30
"121","SC14-02","reibischi",9491.281339,"arboreal",30
"122","SC14-02","reibischi",8918.979541,"arboreal",30
"123","SC14-02","reibischi",6077.632569,"arboreal",30
"124","SC14-02","reibischi",7624.744739,"arboreal",30
"125","SC14-02","reibischi",9543.925293,"arboreal",30
"126","SC14-02","reibischi",5269.529636,"arboreal",30
"127","SC14-02","reibischi",8643.431637,"arboreal",30
"128","SC14-02","reibischi",8371.000243,"arboreal",30
"129","SC14-02","reibischi",11918.37344,"arboreal",30
"130","SC14-02","reibischi",11379.60821,"arboreal",30
"131","SC14-02","reibischi",9913.17105,"arboreal",30
"132","SC14-02","reibischi",6677.133197,"arboreal",30
"133","SC14-02","reibischi",8771.132866,"arboreal",30
"134","SC14-02","reibischi",7327.525819,"arboreal",30
"135","SC14-02","reibischi",5412.561785,"arboreal",30
"136","SC14-02","reibischi",9170.808913,"arboreal",30
"137","SC14-02","reibischi",9207.129156,"arboreal",30
"138","SC14-02","reibischi",7631.221676,"arboreal",30
"139","SC14-02","reibischi",6943.242659,"arboreal",30
"140","SC14-02","reibischi",6451.54706,"arboreal",30
"141","SC14-02","reibischi",5182.725105,"arboreal",30
"142","SC14-02","reibischi",9727.313086,"arboreal",30
"143","SC14-02","reibischi",7109.449632,"arboreal",30
"144","SC14-02","reibischi",7734.748905,"arboreal",30
"145","SC14-02","reibischi",7779.406316,"arboreal",30
"146","SC14-02","reibischi",7800.32325,"arboreal",30
"147","SC14-02","reibischi",5595.664962,"arboreal",30
"148","SC14-02","reibischi",6739.178228,"arboreal",30
"149","SC14-02","reibischi",7437.817798,"arboreal",30
"150","SC14-02","reibischi",6785.144774,"arboreal",30
"151","SC14-02","reibischi",6864.758903,"arboreal",30
"152","SC14-02","reibischi",8258.095386,"arboreal",30
"153","SC14-02","reibischi",7375.645728,"arboreal",30
"154","SC14-02","reibischi",8136.590601,"arboreal",30
"155","SC14-02","reibischi",7196.552707,"arboreal",30
"156","SC14-02","reibischi",6608.870874,"arboreal",30
"157","SC14-02","reibischi",9016.910546,"arboreal",30
"158","SC14-02","reibischi",7887.820488,"arboreal",30
"159","SC14-02","reibischi",9440.009116,"arboreal",30
"160","SC14-02","reibischi",8522.748082,"arboreal",30
"161","SC14-02","reibischi",7756.815805,"arboreal",30
"162","SC14-02","reibischi",8917.042804,"arboreal",30
"163","SC14-02","reibischi",8113.977951,"arboreal",30
"164","SC14-02","reibischi",8800.230837,"arboreal",30
"165","SC14-02","reibischi",6723.973681,"arboreal",30
"166","SC14-02","reibischi",7307.447431,"arboreal",30
"167","SC14-02","reibischi",7899.075645,"arboreal",30
"168","SC14-02","reibischi",7698.190957,"arboreal",30
"169","SC14-02","reibischi",5935.68778,"arboreal",30
"170","SC14-02","reibischi",10119.90112,"arboreal",30
"171","FL14-01","unifasciatus",2485.253142,"terrestrial",44
"172","FL14-01","unifasciatus",1842.59623,"terrestrial",44
"173","FL14-01","unifasciatus",2534.028296,"terrestrial",44
"174","FL14-01","unifasciatus",1865.129717,"terrestrial",44
"175","FL14-01","unifasciatus",854.4537731,"terrestrial",44
"176","FL14-01","unifasciatus",2257.05848,"terrestrial",44
"177","FL14-01","unifasciatus",1000.870158,"terrestrial",44
"178","FL14-01","unifasciatus",2673.7507,"terrestrial",44
"179","FL14-01","unifasciatus",769.5467368,"terrestrial",44
"180","FL14-01","unifasciatus",621.1600857,"terrestrial",44
"181","FL14-01","unifasciatus",1273.706698,"terrestrial",44
"182","FL14-01","unifasciatus",639.1046301,"terrestrial",44
"183","FL14-01","unifasciatus",881.951282,"terrestrial",44
"184","FL14-01","unifasciatus",971.0208724,"terrestrial",44
"185","FL14-01","unifasciatus",4856.090149,"terrestrial",44
"186","FL14-01","unifasciatus",824.8610866,"terrestrial",44
"187","FL14-01","unifasciatus",2163.152055,"terrestrial",44
"188","FL14-01","unifasciatus",1731.778141,"terrestrial",44
"189","FL14-01","unifasciatus",1485.466718,"terrestrial",44
"190","FL14-01","unifasciatus",503.7175013,"terrestrial",44
"191","FL14-01","unifasciatus",1607.047242,"terrestrial",44
"192","FL14-01","unifasciatus",1036.008465,"terrestrial",44
"193","FL14-01","unifasciatus",2069.247813,"terrestrial",44
"194","FL14-01","unifasciatus",1913.297837,"terrestrial",44
"195","FL14-01","unifasciatus",1788.639586,"terrestrial",44
"196","FL14-01","unifasciatus",3599.328005,"terrestrial",44
"197","FL14-01","unifasciatus",3645.909006,"terrestrial",44
"198","FL14-01","unifasciatus",3390.437585,"terrestrial",44
"199","FL14-01","unifasciatus",2953.496191,"terrestrial",44
"200","FL14-01","unifasciatus",3211.202424,"terrestrial",44
"201","FL14-01","unifasciatus",4580.259292,"terrestrial",44
"202","FL14-01","unifasciatus",2242.827647,"terrestrial",44
"203","FL14-01","unifasciatus",2511.591975,"terrestrial",44
"204","FL14-01","unifasciatus",3454.391324,"terrestrial",44
"205","FL14-01","unifasciatus",2489.99347,"terrestrial",44
"206","FL14-01","unifasciatus",2902.835025,"terrestrial",44
"207","FL14-01","unifasciatus",3071.509727,"terrestrial",44
"208","FL14-01","unifasciatus",2675.783151,"terrestrial",44
"209","FL14-01","unifasciatus",1285.27074,"terrestrial",44
"210","FL14-01","unifasciatus",3045.838898,"terrestrial",44
"211","FL14-01","unifasciatus",2281.681352,"terrestrial",44
"212","FL14-01","unifasciatus",2846.238112,"terrestrial",44
"213","FL14-01","unifasciatus",842.0927757,"terrestrial",44
"214","FL14-01","unifasciatus",2887.424006,"terrestrial",44
"215","FL14-01","nux",4875.548305,"arboreal",20
"216","FL14-01","nux",4992.434968,"arboreal",20
"217","FL14-01","nux",4736.240117,"arboreal",20
"218","FL14-01","nux",3583.528608,"arboreal",20
"219","FL14-01","nux",5042.269382,"arboreal",20
"220","FL14-01","nux",3792.587997,"arboreal",20
"221","FL14-01","nux",3576.580684,"arboreal",20
"222","FL14-01","nux",4256.185351,"arboreal",20
"223","FL14-01","nux",3389.130219,"arboreal",20
"224","FL14-01","nux",4579.232604,"arboreal",20
"225","FL14-01","nux",3553.976702,"arboreal",20
"226","FL14-01","nux",5694.835335,"arboreal",20
"227","FL14-01","nux",3773.481373,"arboreal",20
"228","FL14-01","nux",4444.323506,"arboreal",20
"229","FL14-01","nux",3610.381762,"arboreal",20
"230","FL14-01","nux",7335.658488,"arboreal",20
"231","FL14-01","nux",3611.161472,"arboreal",20
"232","FL14-01","nux",3292.488466,"arboreal",20
"233","FL14-01","nux",4496.725969,"arboreal",20
"234","FL14-01","nux",4894.6366,"arboreal",20
"235","FL14-01","nux",4855.632708,"arboreal",20
"236","FL14-01","nux",4529.302297,"arboreal",20
"237","FL14-01","nux",4882.172577,"arboreal",20
"238","FL14-01","nux",4290.243466,"arboreal",20
"239","FL14-01","nux",4565.611275,"arboreal",20
"240","FL14-01","nux",3202.459164,"arboreal",20
"241","FL14-01","nux",4713.698484,"arboreal",20
"242","FL14-01","nux",4505.708879,"arboreal",20
"243","FL14-01","nux",4360.013195,"arboreal",20
"244","FL14-01","nux",4769.974316,"arboreal",20
"245","FL14-01","nux",3411.336385,"arboreal",20
"246","FL14-01","nux",6099.773169,"arboreal",20
"247","FL14-01","nux",5504.419069,"arboreal",20
"248","FL14-01","nux",4102.223123,"arboreal",20
"249","FL14-01","nux",4373.233762,"arboreal",20
"250","FL14-01","nux",4525.761489,"arboreal",20
"251","FL14-01","nux",3843.851713,"arboreal",20
"252","FL14-01","nux",3558.941654,"arboreal",20
"253","FL14-01","nux",3454.155905,"arboreal",20
"254","FL14-01","nux",3869.513858,"arboreal",20
"255","FL14-01","nux",4254.013723,"arboreal",20
"256","FL14-02","calvus",4553.963138,"terrestrial",7
"257","FL14-02","calvus",3602.656315,"terrestrial",7
"258","FL14-02","calvus",3464.434171,"terrestrial",7
"259","FL14-02","calvus",3246.268791,"terrestrial",7
"260","FL14-02","calvus",3261.575058,"terrestrial",7
"261","FL14-02","calvus",3794.50775,"terrestrial",7
"262","FL14-02","calvus",3624.224045,"terrestrial",7
"263","FL14-02","calvus",3293.983493,"terrestrial",7
"264","FL14-02","calvus",3407.838215,"terrestrial",7
"265","FL14-02","calvus",3539.64286,"terrestrial",7
"266","FL14-02","calvus",4137.705036,"terrestrial",7
"267","FL14-02","calvus",3660.705842,"terrestrial",7
"268","FL14-02","calvus",3699.514364,"terrestrial",7
"269","FL14-02","calvus",2743.275544,"terrestrial",7
"270","FL14-02","calvus",3361.833603,"terrestrial",7
"271","FL14-02","calvus",3613.603951,"terrestrial",7
"272","FL14-02","calvus",4110.500866,"terrestrial",7
"273","FL14-02","calvus",3925.543948,"terrestrial",7
"274","FL14-02","calvus",4178.323796,"terrestrial",7
"275","FL14-02","calvus",3495.059185,"terrestrial",7
"276","FL14-02","calvus",3366.18897,"terrestrial",7
"277","FL14-02","calvus",4233.791393,"terrestrial",7
"278","FL14-02","calvus",3315.93461,"terrestrial",7
"279","FL14-02","calvus",3572.357824,"terrestrial",7
"280","FL14-02","calvus",3343.520937,"terrestrial",7
"281","FL14-02","calvus",3759.936976,"terrestrial",7
"282","FL14-02","calvus",3717.341707,"terrestrial",7
"283","FL14-02","calvus",4282.790737,"terrestrial",7
"284","FL14-02","calvus",3423.960582,"terrestrial",7
"285","FL14-02","calvus",3142.753317,"terrestrial",7
"286","FL14-03","nucula",5576.806153,"terrestrial",19
"287","FL14-06","nucula",7466.961095,"terrestrial",19
"288","FL14-06","nucula",5765.046306,"terrestrial",19
"289","FL14-06","nucula",5525.033773,"terrestrial",19
"290","FL14-06","nucula",7874.43246,"terrestrial",19
"291","FL14-06","nucula",4888.633416,"terrestrial",19
"292","FL14-06","nucula",4831.975826,"terrestrial",19
"293","FL14-06","nucula",4428.233489,"terrestrial",19
"294","FL14-06","nucula",5471.23977,"terrestrial",19
"295","FL14-06","nucula",6079.705207,"terrestrial",19
"296","FL14-06","nucula",12078.50427,"terrestrial",19
"297","FL14-06","nucula",6048.937969,"terrestrial",19
"298","FL14-06","nucula",8471.601372,"terrestrial",19
"299","FL14-06","nucula",6087.127456,"terrestrial",19
"300","FL14-06","nucula",6590.225734,"terrestrial",19
"301","FL14-06","nucula",6078.726451,"terrestrial",19
"302","FL14-06","nucula",5560.330957,"terrestrial",19
"303","FL14-06","nucula",6174.760555,"terrestrial",19
"304","FL14-06","nucula",4594.380824,"terrestrial",19
"305","FL14-06","nucula",5084.809871,"terrestrial",19
"306","FL14-06","nucula",7479.184492,"terrestrial",19
"307","FL14-06","nucula",6308.184149,"terrestrial",19
"308","FL14-06","nucula",4905.702605,"terrestrial",19
"309","FL14-06","nucula",3621.88536,"terrestrial",19
"310","FL14-06","nucula",6387.233816,"terrestrial",19
"311","FL14-06","nucula",4802.238361,"terrestrial",19
"312","FL14-06","nucula",4391.377954,"terrestrial",19
"313","FL14-06","nucula",6984.401701,"terrestrial",19
"314","FL14-06","nucula",5172.108656,"terrestrial",19
"315","FL14-06","nucula",6642.651609,"terrestrial",19
"316","FL14-06","nucula",5822.082136,"terrestrial",19
"317","FL14-06","nucula",5788.047331,"terrestrial",19
"318","FL14-06","nucula",5325.509916,"terrestrial",19
"319","FL14-06","nucula",5342.954397,"terrestrial",19
"320","FL14-06","nucula",6399.620136,"terrestrial",19
"321","FL14-06","nucula",5182.44258,"terrestrial",19
"322","FL14-06","nucula",4960.095195,"terrestrial",19
"323","FL14-06","nucula",8884.979606,"terrestrial",19
"324","SN14-01","tortuganus",5729.235784,"arboreal",43
"325","SN14-01","tortuganus",11794.125,"arboreal",43
"326","SN14-01","tortuganus",6001.812335,"arboreal",43
"327","SN14-01","tortuganus",5090.059063,"arboreal",43
"328","SN14-01","tortuganus",6996.961182,"arboreal",43
"329","SN14-01","tortuganus",9791.80984,"arboreal",43
"330","SN14-01","tortuganus",5940.298606,"arboreal",43
"331","SN14-01","tortuganus",11405.63633,"arboreal",43
"332","SN14-01","tortuganus",6266.788843,"arboreal",43
"333","SN14-01","tortuganus",5195.361745,"arboreal",43
"334","SN14-01","tortuganus",6905.365313,"arboreal",43
"335","SN14-01","tortuganus",7602.452352,"arboreal",43
"336","SN14-01","tortuganus",4770.194315,"arboreal",43
"337","SN14-01","tortuganus",6082.061018,"arboreal",43
"338","SN14-01","tortuganus",6378.179211,"arboreal",43
"339","SN14-01","tortuganus",5234.067666,"arboreal",43
"340","SN14-01","tortuganus",6468.859868,"arboreal",43
"341","SN14-01","tortuganus",5197.551758,"arboreal",43
"342","SN14-01","tortuganus",6638.161778,"arboreal",43
"343","SN14-01","tortuganus",5437.166716,"arboreal",43
"344","SN14-01","tortuganus",6778.833952,"arboreal",43
"345","SN14-01","tortuganus",5831.76452,"arboreal",43
"346","SN14-01","tortuganus",5396.443408,"arboreal",43
"347","SN14-01","tortuganus",4482.225199,"arboreal",43
"348","SN14-01","tortuganus",4826.415871,"arboreal",43
"349","SN14-01","tortuganus",4860.677116,"arboreal",43
"350","SN14-01","tortuganus",4959.788175,"arboreal",43
"351","SN14-01","tortuganus",6712.908401,"arboreal",43
"352","SN14-01","tortuganus",6542.913461,"arboreal",43
"353","SN14-01","tortuganus",6582.502149,"arboreal",43
"354","SN14-01","tortuganus",4759.056778,"arboreal",43
"355","SN14-02","tortuganus",4186.088728,"arboreal",43
"356","SN14-02","tortuganus",4448.6097,"arboreal",43
"357","SN14-02","tortuganus",3996.417739,"arboreal",43
"358","SN14-02","tortuganus",6429.972999,"arboreal",43
"359","SN14-02","tortuganus",5757.57009,"arboreal",43
"360","SN14-02","tortuganus",3616.938945,"arboreal",43
"361","SN14-02","tortuganus",3588.125969,"arboreal",43
"362","SN14-02","tortuganus",3686.344488,"arboreal",43
"363","SN14-02","tortuganus",3581.171648,"arboreal",43
"364","SN14-02","tortuganus",4375.258763,"arboreal",43
"365","SN14-02","tortuganus",4104.385113,"arboreal",43
"366","SN14-02","tortuganus",6515.613221,"arboreal",43
"367","SN14-02","tortuganus",3511.59185,"arboreal",43
"368","SN14-02","tortuganus",4814.383032,"arboreal",43
"369","SN14-02","tortuganus",6346.803956,"arboreal",43
"370","SN14-02","tortuganus",6481.464518,"arboreal",43
"371","SN14-02","tortuganus",6213.676597,"arboreal",43
"372","SN14-02","tortuganus",3200.286761,"arboreal",43
"373","SN14-02","tortuganus",7430.125309,"arboreal",43
"374","SN14-02","tortuganus",9230.54874,"arboreal",43
"375","SN14-02","tortuganus",4239.656259,"arboreal",43
"376","SN14-02","tortuganus",5302.975243,"arboreal",43
"377","SN14-02","tortuganus",4359.822268,"arboreal",43
"378","SN14-02","tortuganus",3992.516192,"arboreal",43
"379","SN14-02","tortuganus",4864.692265,"arboreal",43
"380","SN14-02","tortuganus",4460.849985,"arboreal",43
"381","SN14-02","tortuganus",4327.576698,"arboreal",43
"382","SN14-02","tortuganus",4628.869559,"arboreal",43
"383","SN14-02","tortuganus",4375.474278,"arboreal",43
"384","SN14-02","tortuganus",4453.905627,"arboreal",43
"385","SN14-02","tortuganus",3941.801525,"arboreal",43
"386","SN14-02","tortuganus",4344.05851,"arboreal",43
"387","SN14-02","tortuganus",3130.157932,"arboreal",43
"388","SN14-02","tortuganus",3947.334051,"arboreal",43
"389","SN14-02","tortuganus",5042.33845,"arboreal",43
"390","SN14-02","tortuganus",8274.698193,"arboreal",43
"391","SN14-02","tortuganus",4951.192906,"arboreal",43
"392","SN14-02","tortuganus",4322.112864,"arboreal",43
"393","SN14-02","tortuganus",4741.254527,"arboreal",43
"394","SN14-02","tortuganus",5623.231235,"arboreal",43
"395","SN14-02","tortuganus",4427.414994,"arboreal",43
"396","SN14-03","tortuganus",8141.646012,"arboreal",43
"397","SN14-03","tortuganus",6177.810764,"arboreal",43
"398","SN14-03","tortuganus",4706.486943,"arboreal",43
"399","SN14-03","tortuganus",7192.648272,"arboreal",43
"400","SN14-03","tortuganus",5647.640966,"arboreal",43
"401","SN14-03","tortuganus",4422.452017,"arboreal",43
"402","SN14-03","tortuganus",4686.472024,"arboreal",43
"403","SN14-03","tortuganus",5990.365892,"arboreal",43
"404","SN14-03","tortuganus",7829.636178,"arboreal",43
"405","SN14-03","tortuganus",6855.17549,"arboreal",43
"406","SN14-03","tortuganus",6643.497298,"arboreal",43
"407","SN14-03","tortuganus",6416.675157,"arboreal",43
"408","SN14-03","tortuganus",7199.100155,"arboreal",43
"409","SN14-03","tortuganus",7193.07338,"arboreal",43
"410","SN14-03","tortuganus",7620.461915,"arboreal",43
"411","SN14-03","tortuganus",7546.276614,"arboreal",43
"412","SN14-03","tortuganus",7446.833073,"arboreal",43
"413","SN14-03","tortuganus",7007.661839,"arboreal",43
"414","SN14-03","tortuganus",5424.179272,"arboreal",43
"415","SN14-03","tortuganus",10807.93424,"arboreal",43
"416","SN14-03","tortuganus",8481.794621,"arboreal",43
"417","SN14-04","albermarlensis",6031.7867,"arboreal",2
"418","SN14-04","albermarlensis",10136.63896,"arboreal",2
"419","SN14-04","albermarlensis",11591.10353,"arboreal",2
"420","SN14-04","albermarlensis",8077.625691,"arboreal",2
"421","SN14-04","albermarlensis",5099.468299,"arboreal",2
"422","SN14-04","albermarlensis",6255.524715,"arboreal",2
"423","SN14-04","albermarlensis",13286.91984,"arboreal",2
"424","SN14-04","albermarlensis",7590.004559,"arboreal",2
"425","SN14-04","albermarlensis",6418.368077,"arboreal",2
"426","SN14-04","albermarlensis",7220.075023,"arboreal",2
"427","SN14-04","albermarlensis",8476.400417,"arboreal",2
"428","SN14-04","albermarlensis",13721.52435,"arboreal",2
"429","SN14-04","albermarlensis",11923.50196,"arboreal",2
"430","SN14-04","albermarlensis",6488.413155,"arboreal",2
"431","SN14-04","albermarlensis",5873.850193,"arboreal",2
"432","SN14-04","albermarlensis",6029.270244,"arboreal",2
"433","SN14-04","albermarlensis",4470.560719,"arboreal",2
"434","SN14-04","albermarlensis",6743.940682,"arboreal",2
"435","SN14-04","albermarlensis",4164.287996,"arboreal",2
"436","SN14-04","albermarlensis",3952.310713,"arboreal",2
"437","SN14-04","albermarlensis",6786.62849,"arboreal",2
"438","SN14-04","albermarlensis",10465.95783,"arboreal",2
"439","SN14-04","albermarlensis",11758.9263,"arboreal",2
"440","SN14-04","albermarlensis",8282.774138,"arboreal",2
"441","SN14-04","albermarlensis",4352.388707,"arboreal",2
"442","SN14-04","albermarlensis",9198.53021,"arboreal",2
"443","SN14-04","albermarlensis",5044.997545,"arboreal",2
"444","SN14-04","albermarlensis",5271.963473,"arboreal",2
"445","SN14-04","albermarlensis",13179.05146,"arboreal",2
"446","SN14-04","albermarlensis",8534.523091,"arboreal",2
"447","SN14-04","albermarlensis",7450.343414,"arboreal",2
"448","SN14-04","albermarlensis",11288.58453,"arboreal",2
"449","SN14-05","albermarlensis",3823.012363,"arboreal",2
"450","SN14-05","albermarlensis",4965.957306,"arboreal",2
"451","SN14-05","albermarlensis",5074.569918,"arboreal",2
"452","SN14-05","albermarlensis",3024.766603,"arboreal",2
"453","SN14-05","albermarlensis",6003.887758,"arboreal",2
"454","SN14-05","albermarlensis",5728.640512,"arboreal",2
"455","SN14-06","simrothi",5395.530566,"arboreal",34
"456","SN14-06","simrothi",4469.044986,"arboreal",34
"457","SN14-06","simrothi",9539.683439,"arboreal",34
"458","SN14-06","simrothi",3136.527233,"arboreal",34
"459","SN14-06","simrothi",3723.032519,"arboreal",34
"460","SN14-06","simrothi",4177.80787,"arboreal",34
"461","SN14-06","simrothi",6392.697183,"arboreal",34
"462","SN14-06","simrothi",4844.2822,"arboreal",34
"463","SN14-06","simrothi",3547.361652,"arboreal",34
"464","SN14-06","simrothi",3881.725886,"arboreal",34
"465","SN14-06","simrothi",4089.418227,"arboreal",34
"466","SN14-06","simrothi",4396.860924,"arboreal",34
"467","SN14-06","simrothi",6313.957843,"arboreal",34
"468","SN14-06","simrothi",2676.1979,"arboreal",34
"469","SN14-06","simrothi",4988.320898,"arboreal",34
"470","SN14-06","simrothi",6221.133921,"arboreal",34
"471","SN14-06","simrothi",3887.823041,"arboreal",34
"472","SN14-06","simrothi",6775.390425,"arboreal",34
"473","SN14-06","simrothi",4615.861822,"arboreal",34
"474","SN14-06","simrothi",7312.823281,"arboreal",34
"475","SN14-06","simrothi",3050.421179,"arboreal",34
"476","SN14-06","simrothi",4026.446849,"arboreal",34
"477","SN14-06","simrothi",6543.398867,"arboreal",34
"478","SN14-06","simrothi",2979.216704,"arboreal",34
"479","SN14-06","simrothi",3171.542498,"arboreal",34
"480","SN14-06","simrothi",3250.806517,"arboreal",34
"481","SN14-06","simrothi",3373.96702,"arboreal",34
"482","SN14-06","simrothi",3390.054659,"arboreal",34
"483","SN14-06","simrothi",4663.256329,"arboreal",34
"484","SN14-06","simrothi",2652.853058,"arboreal",34
"485","SN14-06","simrothi",4506.820186,"arboreal",34
"486","SN14-06","simrothi",3701.113005,"arboreal",34
"487","SN14-06","simrothi",2675.315537,"arboreal",34
"488","SN14-06","simrothi",6893.719125,"arboreal",34
"489","SN14-06","simrothi",3787.624652,"arboreal",34
"490","SN14-06","simrothi",6967.844854,"arboreal",34
"491","SN14-06","simrothi",4599.400929,"arboreal",34
"492","SN14-06","simrothi",2613.517111,"arboreal",34
"493","SC14-03","wolfi",3826.702894,"terrestrial",47
"494","SC14-03","wolfi",2779.028869,"terrestrial",47
"495","SC14-03","wolfi",3831.981854,"terrestrial",47
"496","SC14-03","wolfi",3336.45211,"terrestrial",47
"497","SC14-03","wolfi",3160.92242,"terrestrial",47
"498","SC14-03","wolfi",3081.304847,"terrestrial",47
"499","SC14-03","wolfi",2945.189976,"terrestrial",47
"500","SC14-03","wolfi",5372.679377,"terrestrial",47
"501","SC14-03","wolfi",3476.427968,"terrestrial",47
"502","SC14-03","wolfi",4465.135664,"terrestrial",47
"503","SC14-03","wolfi",3258.119181,"terrestrial",47
"504","SC14-03","wolfi",4437.265719,"terrestrial",47
"505","SC14-03","wolfi",6503.515359,"terrestrial",47
"506","SC14-03","wolfi",3691.803713,"terrestrial",47
"507","SC14-03","wolfi",3903.549586,"terrestrial",47
"508","SC14-03","wolfi",3902.460258,"terrestrial",47
"509","SC14-03","wolfi",4411.458178,"terrestrial",47
"510","SC14-03","wolfi",6111.708918,"terrestrial",47
"511","SC14-03","wolfi",4363.32258,"terrestrial",47
"512","SC14-03","wolfi",4763.135719,"terrestrial",47
"513","SC14-03","wolfi",4297.332523,"terrestrial",47
"514","SC14-03","wolfi",3892.129197,"terrestrial",47
"515","SC14-03","wolfi",4132.653406,"terrestrial",47
"516","SC14-03","wolfi",4727.437012,"terrestrial",47
"517","SC14-03","wolfi",4636.187236,"terrestrial",47
"518","SC14-03","wolfi",3774.286585,"terrestrial",47
"519","SC14-03","wolfi",3507.006228,"terrestrial",47
"520","SC14-03","wolfi",3635.430898,"terrestrial",47
"521","SC14-03","wolfi",4563.419227,"terrestrial",47
"522","SC14-03","wolfi",4222.818121,"terrestrial",47
"523","SC14-03","wolfi",3899.994519,"terrestrial",47
"524","SC14-03","wolfi",4037.8046,"terrestrial",47
"525","SC14-03","wolfi",5357.737179,"terrestrial",47
"526","SC14-03","wolfi",5157.707716,"terrestrial",47
"527","SC14-03","wolfi",3269.426007,"terrestrial",47
"528","SC14-03","wolfi",5269.128595,"terrestrial",47
"529","SC14-03","wolfi",3115.345362,"terrestrial",47
"530","SC14-03","wolfi",3187.822666,"terrestrial",47
"531","SC14-03","wolfi",2169.449977,"terrestrial",47
"532","SC14-03","wolfi",1632.421138,"terrestrial",47
"533","SC14-03","wolfi",1854.079561,"terrestrial",47
"534","SC14-03","wolfi",5143.298671,"terrestrial",47
"535","SC14-03","wolfi",4451.022881,"terrestrial",47
"536","SC14-03","wolfi",3880.125852,"terrestrial",47
"537","SC14-03","wolfi",3264.906042,"terrestrial",47
"538","SC14-05","hirsutus",3438.746645,"terrestrial",14
"539","SC14-05","hirsutus",3538.191628,"terrestrial",14
"540","SC14-05","hirsutus",4104.926932,"terrestrial",14
"541","SC14-05","hirsutus",3547.335617,"terrestrial",14
"542","SC14-05","hirsutus",3325.17223,"terrestrial",14
"543","SC14-05","hirsutus",3730.471449,"terrestrial",14
"544","SC14-05","hirsutus",4083.625598,"terrestrial",14
"545","SC14-05","hirsutus",3667.763542,"terrestrial",14
"546","SC14-05","hirsutus",4289.914079,"terrestrial",14
"547","SC14-09","wolfi",2504.599408,"terrestrial",47
"548","SC14-09","wolfi",3751.551131,"terrestrial",47
"549","SC14-09","wolfi",4249.154362,"terrestrial",47
"550","SC14-09","wolfi",3185.0471,"terrestrial",47
"551","SC14-09","wolfi",2974.159299,"terrestrial",47
"552","SC14-09","wolfi",3522.017969,"terrestrial",47
"553","SC14-09","wolfi",3122.15098,"terrestrial",47
"554","SC14-09","wolfi",4407.173713,"terrestrial",47
"555","SC14-09","wolfi",4638.875384,"terrestrial",47
"556","SC14-09","wolfi",7184.295385,"terrestrial",47
"557","SC14-09","wolfi",2333.968417,"terrestrial",47
"558","SC14-09","wolfi",2857.096813,"terrestrial",47
"559","SC14-09","wolfi",3670.109947,"terrestrial",47
"560","SC14-09","wolfi",7131.943465,"terrestrial",47
"561","SC14-09","wolfi",4821.13071,"terrestrial",47
"562","SC14-09","wolfi",5100.971167,"terrestrial",47
"563","SC14-09","wolfi",4411.966928,"terrestrial",47
"564","SC14-09","wolfi",2480.411332,"terrestrial",47
"565","SC14-09","wolfi",3405.005459,"terrestrial",47
"566","SC14-09","wolfi",3066.571689,"terrestrial",47
"567","SC14-13","wolfi",1985.331555,"terrestrial",47
"568","SC14-13","wolfi",3343.052041,"terrestrial",47
"569","SC14-13","wolfi",1532.919136,"terrestrial",47
"570","SC14-13","wolfi",3595.104649,"terrestrial",47
"571","SC14-13","wolfi",2059.601041,"terrestrial",47
"572","SC14-13","wolfi",3642.373181,"terrestrial",47
"573","SC14-13","wolfi",2578.038436,"terrestrial",47
"574","SC14-13","wolfi",2589.239286,"terrestrial",47
"575","SC14-13","wolfi",4062.824408,"terrestrial",47
"576","SC14-13","wolfi",2658.394563,"terrestrial",47
"577","SC14-13","wolfi",4375.607184,"terrestrial",47
"578","SC14-13","wolfi",2694.05858,"terrestrial",47
"579","SC14-13","wolfi",5375.118,"terrestrial",47
"580","SC14-13","wolfi",4217.567995,"terrestrial",47
"581","SC14-13","wolfi",3014.885675,"terrestrial",47
"582","SC14-13","wolfi",2310.921088,"terrestrial",47
"583","SC14-13","wolfi",3156.449214,"terrestrial",47
"584","SC14-13","wolfi",3662.984753,"terrestrial",47
"585","SC14-13","wolfi",3899.371699,"terrestrial",47
"586","SC14-13","wolfi",4095.163508,"terrestrial",47
"587","SC14-13","wolfi",2390.231738,"terrestrial",47
"588","SC14-13","wolfi",3583.605303,"terrestrial",47
"589","SC14-13","wolfi",2731.968815,"terrestrial",47
"590","SC14-13","wolfi",4578.497634,"terrestrial",47
"591","SC14-13","wolfi",3959.693825,"terrestrial",47
"592","SC14-13","wolfi",2959.827359,"terrestrial",47
"593","SC14-13","wolfi",2948.177755,"terrestrial",47
"594","SC14-13","wolfi",2348.231299,"terrestrial",47
"595","SC14-13","wolfi",2198.249599,"terrestrial",47
"596","SC14-13","eos",13439.77474,"arboreal",12
"597","SC14-13","eos",12270.29945,"arboreal",12
"598","SC14-14","wolfi",2179.357961,"terrestrial",47
"599","SC14-14","wolfi",3500.924585,"terrestrial",47
"600","SC14-14","wolfi",2547.609097,"terrestrial",47
"601","SC14-14","wolfi",2682.862958,"terrestrial",47
"602","SC14-14","wolfi",3922.319926,"terrestrial",47
"603","SC14-14","wolfi",2395.975154,"terrestrial",47
"604","SC14-14","wolfi",3536.403419,"terrestrial",47
"605","SC14-14","wolfi",2899.796336,"terrestrial",47
"606","SC14-14","wolfi",2333.657179,"terrestrial",47
"607","SC14-14","wolfi",2336.606897,"terrestrial",47
"608","SC14-14","wolfi",2608.990627,"terrestrial",47
"609","SC14-14","wolfi",3157.394077,"terrestrial",47
"610","SC14-14","wolfi",4146.56902,"terrestrial",47
"611","SC14-14","wolfi",3995.939541,"terrestrial",47
"612","SC14-14","wolfi",3011.015426,"terrestrial",47
"613","SC14-14","wolfi",2764.247697,"terrestrial",47
"614","SC14-14","wolfi",3131.716803,"terrestrial",47
"615","SC14-14","wolfi",2955.075349,"terrestrial",47
"616","SC14-14","wolfi",4042.899305,"terrestrial",47
"617","SC14-14","wolfi",3048.342885,"terrestrial",47
"618","GD14-01","planospira",3687.103264,"terrestrial",28
"619","GD14-01","planospira",2813.946192,"terrestrial",28
"620","GD14-01","planospira",3279.583599,"terrestrial",28
"621","GD14-01","planospira",3374.596227,"terrestrial",28
"622","GD14-01","planospira",4451.743591,"terrestrial",28
"623","GD14-01","planospira",3471.087164,"terrestrial",28
"624","GD14-01","planospira",4140.434408,"terrestrial",28
"625","GD14-01","planospira",4034.013168,"terrestrial",28
"626","GD14-01","planospira",5174.112023,"terrestrial",28
"627","GD14-01","planospira",3888.471481,"terrestrial",28
"628","GD14-01","planospira",3433.994633,"terrestrial",28
"629","GD14-01","planospira",3031.337812,"terrestrial",28
"630","GD14-01","planospira",3901.105851,"terrestrial",28
"631","GD14-01","planospira",3346.487547,"terrestrial",28
"632","GD14-01","planospira",3779.984422,"terrestrial",28
"633","GD14-01","planospira",4412.594426,"terrestrial",28
"634","GD14-01","planospira",3311.21552,"terrestrial",28
"635","GD14-01","planospira",4060.183131,"terrestrial",28
"636","GD14-01","planospira",3359.435715,"terrestrial",28
"637","GD14-01","planospira",4144.195515,"terrestrial",28
"638","FL14-17","ustulatus pallescens",9289.237202,"arboreal",45
"639","FL14-17","ustulatus pallescens",10061.36704,"arboreal",45
"640","FL14-17","ustulatus pallescens",3600.639923,"arboreal",45
"641","FL14-17","ustulatus pallescens",7136.333889,"arboreal",45
"642","FL14-17","ustulatus pallescens",10883.16956,"arboreal",45
"643","FL14-17","ustulatus pallescens",7903.902246,"arboreal",45
"644","FL14-17","ustulatus pallescens",16056.00609,"arboreal",45
"645","FL14-17","ustulatus pallescens",6779.859853,"arboreal",45
"646","FL14-17","ustulatus pallescens",7436.928629,"arboreal",45
"647","FL14-17","ustulatus pallescens",4683.926117,"arboreal",45
"648","FL14-17","ustulatus pallescens",10537.43255,"arboreal",45
"649","FL14-17","ustulatus pallescens",10945.25633,"arboreal",45
"650","FL14-17","ustulatus pallescens",6448.271633,"arboreal",45
"651","FL14-17","ustulatus pallescens",5452.347408,"arboreal",45
"652","FL14-17","ustulatus pallescens",10900.50422,"arboreal",45
"653","FL14-17","ustulatus pallescens",7345.133419,"arboreal",45
"654","FL14-17","ustulatus pallescens",8943.819422,"arboreal",45
"655","FL14-17","ustulatus pallescens",3929.163928,"arboreal",45
"656","FL14-17","ustulatus pallescens",8968.921581,"arboreal",45
"657","FL14-17","ustulatus pallescens",12730.80442,"arboreal",45
"658","FL14-17","ustulatus pallescens",6615.590563,"arboreal",45
"659","FL14-17","ustulatus pallescens",7756.260107,"arboreal",45
"660","FL14-17","ustulatus pallescens",6305.808505,"arboreal",45
"661","FL14-17","ustulatus pallescens",7893.6218,"arboreal",45
"662","FL14-17","ustulatus pallescens",4556.758369,"arboreal",45
"663","FL14-17","ustulatus pallescens",7644.447574,"arboreal",45
"664","FL14-17","ustulatus pallescens",5867.743851,"arboreal",45
"665","FL14-17","ustulatus pallescens",7886.294034,"arboreal",45
"666","FL14-17","ustulatus pallescens",9818.900712,"arboreal",45
"667","FL14-17","ustulatus pallescens",4270.478059,"arboreal",45
"668","FL14-17","ustulatus pallescens",9942.362345,"arboreal",45
"669","FL14-17","ustulatus pallescens",12267.52687,"arboreal",45
"670","FL14-17","ustulatus pallescens",8494.78088,"arboreal",45
"671","FL14-17","ustulatus pallescens",5498.505208,"arboreal",45
"672","FL14-17","ustulatus pallescens",12243.61976,"arboreal",45
"673","FL14-17","ustulatus pallescens",7163.505418,"arboreal",45
"674","FL14-17","ustulatus pallescens",4807.239171,"arboreal",45
"675","FL14-17","ustulatus pallescens",6065.147398,"arboreal",45
"676","FL14-17","ustulatus pallescens",5918.241159,"arboreal",45
"677","FL14-17","ustulatus pallescens",9220.177941,"arboreal",45
"678","FL14-17","ustulatus phlegonis",4102.3585,"terrestrial",45
"679","FL14-17","ustulatus phlegonis",2372.486897,"terrestrial",45
"680","FL14-17","ustulatus phlegonis",5104.339684,"terrestrial",45
"681","FL14-17","ustulatus phlegonis",4763.08462,"terrestrial",45
"682","FL14-17","ustulatus phlegonis",3765.775594,"terrestrial",45
"683","FL14-17","ustulatus phlegonis",5460.588987,"terrestrial",45
"684","FL14-17","ustulatus phlegonis",2261.275959,"terrestrial",45
"685","FL14-17","ustulatus phlegonis",5467.55562,"terrestrial",45
"686","FL14-17","ustulatus phlegonis",3240.90738,"terrestrial",45
"687","FL14-17","ustulatus phlegonis",4180.464441,"terrestrial",45
"688","FL14-17","ustulatus phlegonis",4303.815219,"terrestrial",45
"689","FL14-17","ustulatus phlegonis",5234.143109,"terrestrial",45
"690","FL14-17","ustulatus phlegonis",2744.367716,"terrestrial",45
"691","FL14-17","ustulatus phlegonis",6923.056422,"terrestrial",45
"692","FL14-17","ustulatus phlegonis",1733.538999,"terrestrial",45
"693","FL14-17","ustulatus phlegonis",2154.13818,"terrestrial",45
"694","FL14-17","ustulatus phlegonis",7296.264261,"terrestrial",45
"695","FL14-17","ustulatus phlegonis",3031.969107,"terrestrial",45
"696","FL14-17","ustulatus phlegonis",3107.410648,"terrestrial",45
"697","FL14-17","ustulatus phlegonis",3830.353295,"terrestrial",45
"698","FL14-17","ustulatus phlegonis",2227.916883,"terrestrial",45
"699","FL14-17","ustulatus phlegonis",2084.799513,"terrestrial",45
"700","FL14-17","ustulatus phlegonis",3491.418815,"terrestrial",45
"701","FL14-17","ustulatus phlegonis",3770.608721,"terrestrial",45
"702","FL14-17","ustulatus phlegonis",2361.191088,"terrestrial",45
"703","FL14-17","ustulatus phlegonis",2599.629671,"terrestrial",45
"704","FL14-18","ustulatus mahogany",2207.679908,"terrestrial",45
"705","FL14-18","ustulatus mahogany",1621.80575,"terrestrial",45
"706","FL14-18","ustulatus mahogany",2027.153504,"terrestrial",45
"707","FL14-18","ustulatus mahogany",4390.885714,"terrestrial",45
"708","FL14-18","ustulatus mahogany",1942.951034,"terrestrial",45
"709","FL14-18","ustulatus mahogany",2897.65849,"terrestrial",45
"710","FL14-18","ustulatus mahogany",1195.028953,"terrestrial",45
"711","FL14-18","ustulatus mahogany",1185.942782,"terrestrial",45
"712","FL14-18","ustulatus mahogany",2470.043805,"terrestrial",45
"713","FL14-18","ustulatus mahogany",3603.687739,"terrestrial",45
"714","FL14-18","ustulatus mahogany",1403.780757,"terrestrial",45
"715","FL14-18","ustulatus mahogany",1562.354405,"terrestrial",45
"716","FL14-18","ustulatus mahogany",2152.199653,"terrestrial",45
"717","FL14-18","ustulatus mahogany",3068.057089,"terrestrial",45
"718","FL14-18","ustulatus mahogany",2450.938711,"terrestrial",45
"719","FL14-18","ustulatus mahogany",3714.793037,"terrestrial",45
"720","FL14-18","ustulatus mahogany",1407.833999,"terrestrial",45
"721","FL14-18","ustulatus mahogany",2167.276157,"terrestrial",45
"722","FL14-10","nux",3210.831401,"arboreal",20
"723","FL14-10","nux",2756.777868,"arboreal",20
"724","FL14-10","nux",3631.027994,"arboreal",20
"725","FL14-10","nux",2530.312843,"arboreal",20
"726","FL14-10","nux",2351.124637,"arboreal",20
"727","FL14-10","nux",3037.203452,"arboreal",20
"728","FL14-10","nux",2454.198743,"arboreal",20
"729","PI12-20","sp nov Pinzon",11900.56039,"arboreal",38
"730","PI12-20","sp nov Pinzon",10899.17342,"arboreal",38
"731","PI12-20","sp nov Pinzon",6269.759084,"arboreal",38
"732","PI12-20","sp nov Pinzon",4660.414722,"arboreal",38
"733","PI12-20","sp nov Pinzon",5141.175208,"arboreal",38
"734","PI12-20","sp nov Pinzon",4158.185362,"arboreal",38
"735","PI12-20","sp nov Pinzon",4287.434409,"arboreal",38
"736","PI12-20","sp nov Pinzon",3786.670896,"arboreal",38
"737","PI12-20","sp nov Pinzon",3314.015232,"arboreal",38
"738","PI12-20","sp nov Pinzon",4159.053996,"arboreal",38
"739","PI12-20","sp nov Pinzon",3758.878708,"arboreal",38
"740","PI12-20","sp nov Pinzon",11211.71722,"arboreal",38
"741","PI12-20","sp nov Pinzon",5188.903749,"arboreal",38
"742","PI12-20","sp nov Pinzon",6077.497983,"arboreal",38
"743","PI12-20","sp nov Pinzon",4807.733356,"arboreal",38
"744","PI12-20","sp nov Pinzon",4091.208195,"arboreal",38
"745","RA14-01","rabidensis",14960.72879,"terrestrial",29
"746","RA14-01","rabidensis",21377.10121,"terrestrial",29
"747","RA14-01","rabidensis",12635.77489,"terrestrial",29
"748","RA14-01","rabidensis",16853.43324,"terrestrial",29
"749","RA14-01","rabidensis",12224.99451,"terrestrial",29
"750","RA14-01","rabidensis",16081.97489,"terrestrial",29
"751","RA14-01","rabidensis",20081.92108,"terrestrial",29
"752","RA14-01","rabidensis",25224.30772,"terrestrial",29
"753","RA14-01","rabidensis",16702.94397,"terrestrial",29
"754","RA14-01","rabidensis",20853.15803,"terrestrial",29
"755","RA14-01","rabidensis",17092.46154,"terrestrial",29
"756","RA14-01","rabidensis",20230.84497,"terrestrial",29
"757","RA14-01","rabidensis",21860.84269,"terrestrial",29
"758","RA14-01","rabidensis",25254.38414,"terrestrial",29
"759","RA14-01","rabidensis",19844.766,"terrestrial",29
"760","RA14-01","rabidensis",16606.79554,"terrestrial",29
"761","RA14-01","rabidensis",12192.00061,"terrestrial",29
"762","RA14-01","rabidensis",14923.19883,"terrestrial",29
"763","RA14-01","rabidensis",11321.13625,"terrestrial",29
"764","RA14-01","rabidensis",20372.65138,"terrestrial",29
"765","RA14-01","rabidensis",23791.96664,"terrestrial",29
"766","RA14-01","rabidensis",15429.93909,"terrestrial",29
"767","RA14-01","rabidensis",15182.92561,"terrestrial",29
"768","RA14-01","rabidensis",23578.34828,"terrestrial",29
"769","RA14-01","rabidensis",13123.87511,"terrestrial",29
"770","RA14-01","rabidensis",16331.04247,"terrestrial",29
"771","RA14-01","rabidensis",11164.94246,"terrestrial",29
"772","RA14-01","rabidensis",13808.65991,"terrestrial",29
"773","PIcumbre","pinzonensis",2718.26973,"terrestrial",26
"774","PIcumbre","pinzonensis",4734.127906,"terrestrial",26
"775","PIcumbre","pinzonensis",4902.306735,"terrestrial",26
"776","PIcumbre","pinzonensis",873.9880053,"terrestrial",26
"777","PIcumbre","pinzonensis",3572.629494,"terrestrial",26
"778","PIcumbre","pinzonensis",4226.762279,"terrestrial",26
"779","PIcumbre","pinzonensis",4154.058172,"terrestrial",26
"780","PIcumbre","pinzonensis",3564.0527,"terrestrial",26
"781","PIcumbre","pinzonensis",2701.967366,"terrestrial",26
"782","PIcumbre","pinzonensis",2414.198045,"terrestrial",26
"783","PIcliff","pinzonopsis",3063.393117,"terrestrial",27
"784","PIcliff","pinzonopsis",2739.185315,"terrestrial",27
"785","PIcliff","pinzonopsis",2849.43895,"terrestrial",27
"786","PIcliff","pinzonopsis",2369.340825,"terrestrial",27
"787","PIcliff","pinzonopsis",3177.538671,"terrestrial",27
"788","PIcliff","pinzonopsis",2692.284789,"terrestrial",27
"789","PIcliff","pinzonopsis",3074.396449,"terrestrial",27
"790","PIcliff","pinzonopsis",2294.557671,"terrestrial",27
"791","PIcliff","pinzonopsis",2306.752176,"terrestrial",27
"792","PIcliff","pinzonopsis",2545.676182,"terrestrial",27
"793","PIcliff","pinzonopsis",1084.568382,"terrestrial",27
"794","PIcliff","pinzonopsis",1911.512193,"terrestrial",27
"795","PIcliff","pinzonopsis",1417.698735,"terrestrial",27
"796","PIcliff","pinzonopsis",3048.554625,"terrestrial",27
"797","PI12-20","sp nov Pinzon",4795.983151,"arboreal",38
"798","PI12-20","sp nov Pinzon",5956.996117,"arboreal",38
"799","PI12-20","sp nov Pinzon",10406.12977,"arboreal",38
"800","PI12-20","sp nov Pinzon",9621.477199,"arboreal",38
"801","PI12-20","sp nov Pinzon",4906.149995,"arboreal",38
"802","PI12-20","sp nov Pinzon",5381.055581,"arboreal",38
"803","PI12-19","sp nov Pinzon",14858.40572,"arboreal",38
"804","SC15-01","tanneri",3187.611266,"terrestrial",42
"805","SC15LaCascada","wolfi",4003.299322,"terrestrial",47
"806","SC15LaCascada","wolfi",2381.873289,"terrestrial",47
"807","SC15LaCascada","wolfi",2825.236097,"terrestrial",47
"808","SC15LaCascada","wolfi",2558.470824,"terrestrial",47
"809","SC15LaCascada","wolfi",2115.816778,"terrestrial",47
"810","SC15LaCascada","wolfi",1921.728224,"terrestrial",47
"811","SC15LaCascada","wolfi",2519.863231,"terrestrial",47
"812","SC15LaCascada","wolfi",2521.337608,"terrestrial",47
"813","SC15LaCascada","wolfi",2279.677047,"terrestrial",47
"814","SC15LaCascada","wolfi",1389.343201,"terrestrial",47
"815","SC15LaCascada","wolfi",2597.682412,"terrestrial",47
"816","SC15LaCascada","wolfi",1342.016521,"terrestrial",47
"817","SC15LaCascada","wolfi",2140.994399,"terrestrial",47
"818","SC15LaCascada","wolfi",2387.444731,"terrestrial",47
"819","SC15LaCascada","wolfi",3532.352451,"terrestrial",47
"820","SC15LaCascada","wolfi",1379.643886,"terrestrial",47
"821","SC15LaCascada","wolfi",4305.899728,"terrestrial",47
"822","SC15LaCascada","wolfi",2780.064997,"terrestrial",47
"823","SC15LaCascada","wolfi",2243.615621,"terrestrial",47
"824","SC15LaCascada","wolfi",1406.343495,"terrestrial",47
"825","SC15LaCascada","wolfi",1966.972602,"terrestrial",47
"826","SC15LaCascada","wolfi",2441.201996,"terrestrial",47
"827","SC15LaCascada","wolfi",3240.809084,"terrestrial",47
"828","SC15LaCascada","wolfi",2828.644904,"terrestrial",47
"829","SC15LaCascada","wolfi",2828.902375,"terrestrial",47
"830","SC15LaCascada","wolfi",3137.915255,"terrestrial",47
"831","SC15LaCascada","wolfi",3498.361718,"terrestrial",47
"832","SC15LaCascada","wolfi",1611.759782,"terrestrial",47
"833","SC15-08","ochsneri",1756.377871,"terrestrial",21
"834","SC15-08","ochsneri",928.1475285,"terrestrial",21
"835","SC15-08","ochsneri",1673.921932,"terrestrial",21
"836","SC15-08","ochsneri",1565.786403,"terrestrial",21
"837","SC15-08","ochsneri",1482.364875,"terrestrial",21
"838","SC15-08","ochsneri",1898.884142,"terrestrial",21
"839","SC15-08","ochsneri",1617.802887,"terrestrial",21
"840","SC15-08","ochsneri",1658.371629,"terrestrial",21
"841","SC15-08","ochsneri",1958.907602,"terrestrial",21
"842","SC15-08","ochsneri",1441.989572,"terrestrial",21
"843","SC15-08","ochsneri",1228.334123,"terrestrial",21
"844","SC15-08","ochsneri",1115.019347,"terrestrial",21
"845","SC15-08","ochsneri",917.8503474,"terrestrial",21
"846","SC15-08","ochsneri",1033.08103,"terrestrial",21
"847","SC15-08","ochsneri",742.4979508,"terrestrial",21
"848","SC15-08","ochsneri",869.9366756,"terrestrial",21
"849","SC15-08","ochsneri",1147.611672,"terrestrial",21
"850","SC15-08","ochsneri",650.7923602,"terrestrial",21
"851","SC15-08","ochsneri",630.272025,"terrestrial",21
"852","SC15-08","ochsneri",1384.513223,"terrestrial",21
"853","SC15-15","tanneri",4900.106825,"terrestrial",42
"854","SC15-15","tanneri",5108.702287,"terrestrial",42
"855","SC15-15","tanneri",3933.204904,"terrestrial",42
"856","FA15-01","perrus 1",3977.279282,"terrestrial",24
"857","FA15-01","perrus 1",3788.639727,"terrestrial",24
"858","FA15-01","perrus 1",5101.259118,"terrestrial",24
"859","FA15-01","perrus 1",3195.652271,"terrestrial",24
"860","FA15-01","perrus 1",2773.553055,"terrestrial",24
"861","FA15-01","perrus 1",5848.464541,"terrestrial",24
"862","FA15-01","perrus 1",3771.343379,"terrestrial",24
"863","FA15-01","perrus 1",2432.035691,"terrestrial",24
"864","FA15-01","perrus 1",5428.629388,"terrestrial",24
"865","FA15-01","perrus 1",3719.250137,"terrestrial",24
"866","FA15-01","perrus 1",2221.821654,"terrestrial",24
"867","FA15-01","perrus 1",3591.903226,"terrestrial",24
"868","FA15-01","perrus 1",3211.349035,"terrestrial",24
"869","FA15-01","perrus 1",3400.888355,"terrestrial",24
"870","FA15-01","perrus 1",2919.640155,"terrestrial",24
"871","FA15-01","perrus 1",3960.832415,"terrestrial",24
"872","FA15-01","perrus 1",4623.556006,"terrestrial",24
"873","FA15-01","perrus 1",2212.211777,"terrestrial",24
"874","FA15-01","perrus 1",2849.900177,"terrestrial",24
"875","FA15-01","perrus 1",3314.214427,"terrestrial",24
"876","FA15-01","perrus 1",3349.962754,"terrestrial",24
"877","FA15-01","perrus 1",4546.248699,"terrestrial",24
"878","FA15-04","perrus 1",5042.932551,"terrestrial",24
"879","FA15-04","perrus 1",3378.761771,"terrestrial",24
"880","FA15-04","perrus 1",3502.649578,"terrestrial",24
"881","FA15-04","perrus 1",3273.644071,"terrestrial",24
"882","FA15-04","perrus 1",1873.226198,"terrestrial",24
"883","FA15-04","perrus 1",3482.153845,"terrestrial",24
"884","FA15-02","perrus 1",2837.495483,"terrestrial",24
"885","FA15-02","perrus 1",2701.498417,"terrestrial",24
"886","FA15-02","perrus 1",2388.487881,"terrestrial",24
"887","FA15-02","perrus 1",2694.171317,"terrestrial",24
"888","FA15-02","perrus 1",2405.756891,"terrestrial",24
"889","FA15-02","perrus 1",3208.406332,"terrestrial",24
"890","FA15-02","perrus 1",2250.857809,"terrestrial",24
"891","FA15-05","perrus 1",5643.424442,"terrestrial",24
"892","FA15-05","perrus 1",4291.139377,"terrestrial",24
"893","FA15-05","perrus 1",5813.187359,"terrestrial",24
"894","FA15-05","perrus 1",3523.037467,"terrestrial",24
"895","FA15-05","perrus 1",5403.252172,"terrestrial",24
"896","FA15-05","perrus 1",4440.14907,"terrestrial",24
"897","FA15-06","perrus 1",5858.994942,"terrestrial",24
"898","FA15-06","perrus 1",2713.828473,"terrestrial",24
"899","FA15-06","perrus 1",5968.814394,"terrestrial",24
"900","FA15-06","perrus 1",2413.605873,"terrestrial",24
"901","FA15-06","perrus 1",3141.439508,"terrestrial",24
"902","FA15-06","perrus 1",3063.938415,"terrestrial",24
"903","FA15-06","perrus 1",1954.696324,"terrestrial",24
"904","FA15-06","perrus 1",8461.48975,"terrestrial",24
"905","FA15-06","perrus 1",3076.531616,"terrestrial",24
"906","FA15-06","perrus 1",2515.919548,"terrestrial",24
"907","FA15-06","perrus 1",2972.129294,"terrestrial",24
"908","FA15-06","perrus 1",4054.640816,"terrestrial",24
"909","FA15-06","perrus 1",4054.260131,"terrestrial",24
"910","FA15-06","perrus 1",3629.445101,"terrestrial",24
"911","FA15-06","perrus 1",4210.200892,"terrestrial",24
"912","FA15-06","perrus 1",3798.229526,"terrestrial",24
"913","FA15-06","perrus 1",3815.331113,"terrestrial",24
"914","FA15-06","perrus 1",2956.301938,"terrestrial",24
"915","FA15-06","perrus 1",3395.304528,"terrestrial",24
"916","FA15-06","perrus 1",4495.872289,"terrestrial",24
"917","DA15-02","pallidus",3899.825832,"terrestrial",23
"918","DA15-02","pallidus",4234.402702,"terrestrial",23
"919","DA15-02","pallidus",3910.606748,"terrestrial",23
"920","DA15-02","pallidus",4368.476347,"terrestrial",23
"921","DA15-02","pallidus",5775.213248,"terrestrial",23
"922","DA15-02","pallidus",4399.031228,"terrestrial",23
"923","DA15-02","pallidus",3868.166829,"terrestrial",23
"924","DA15-02","pallidus",3750.76665,"terrestrial",23
"925","DA15-02","pallidus",3495.847678,"terrestrial",23
"926","DA15-02","pallidus",3588.843118,"terrestrial",23
"927","DA15-02","pallidus",3736.175415,"terrestrial",23
"928","DA15-02","pallidus",3142.916312,"terrestrial",23
"929","DA15-02","pallidus",3280.581867,"terrestrial",23
"930","DA15-02","pallidus",3495.707832,"terrestrial",23
"931","DA15-02","pallidus",3680.965496,"terrestrial",23
"932","DA15-02","pallidus",4275.687071,"terrestrial",23
"933","DA15-02","pallidus",5880.372367,"terrestrial",23
"934","DA15-02","pallidus",3552.838222,"terrestrial",23
"935","DA15-02","pallidus",4061.926598,"terrestrial",23
"936","SN15-01","albermarlensis",12876.60984,"arboreal",2
"937","SN15-01","albermarlensis",11014.95742,"arboreal",2
"938","SN15-01","albermarlensis",12099.01616,"arboreal",2
"939","SN15-01","albermarlensis",9555.260864,"arboreal",2
"940","SN15-01","albermarlensis",11404.02764,"arboreal",2
"941","SN15-01","albermarlensis",6011.15507,"arboreal",2
"942","SN15-01","albermarlensis",8718.212084,"arboreal",2
"943","SN15-01","albermarlensis",7053.086265,"arboreal",2
"944","SN15-01","albermarlensis",9212.746585,"arboreal",2
"945","SN15-01","albermarlensis",9069.185423,"arboreal",2
"946","SN15-01","albermarlensis",8253.176161,"arboreal",2
"947","SN15-01","albermarlensis",6457.99745,"arboreal",2
"948","SN15-01","albermarlensis",9543.463955,"arboreal",2
"949","SN15-01","albermarlensis",10069.43898,"arboreal",2
"950","SN15-01","albermarlensis",10638.69928,"arboreal",2
"951","SN15-01","albermarlensis",6162.770722,"arboreal",2
"952","SN15-01","albermarlensis",9331.63475,"arboreal",2
"953","SN15-01","albermarlensis",10341.72177,"arboreal",2
"954","SN15-01","albermarlensis",11051.08395,"arboreal",2
"955","SN15-01","albermarlensis",7478.919677,"arboreal",2
"956","SN15-01","albermarlensis",6775.050101,"arboreal",2
"957","SN15-01","albermarlensis",9952.328184,"arboreal",2
"958","SN15-01","albermarlensis",8228.185654,"arboreal",2
"959","SN15-02","albermarlensis",9304.299484,"arboreal",2
"960","SN15-02","albermarlensis",7462.298523,"arboreal",2
"961","SN15-02","albermarlensis",11550.62468,"arboreal",2
"962","SN15-02","albermarlensis",9435.474299,"arboreal",2
"963","SN15-02","albermarlensis",12955.23889,"arboreal",2
"964","SN15-02","albermarlensis",7805.815855,"arboreal",2
"965","SN15-02","albermarlensis",12703.02209,"arboreal",2
"966","SN15-02","albermarlensis",14591.71436,"arboreal",2
"967","SN15-02","albermarlensis",8328.705673,"arboreal",2
"968","SN15-02","albermarlensis",17194.47311,"arboreal",2
"969","SN15-02","albermarlensis",12239.4787,"arboreal",2
"970","SN15-02","albermarlensis",11079.18716,"arboreal",2
"971","SN15-02","albermarlensis",8018.888635,"arboreal",2
"972","SN15-02","albermarlensis",13086.01174,"arboreal",2
"973","SN15-02","albermarlensis",13011.05991,"arboreal",2
"974","SN15-02","albermarlensis",11674.90415,"arboreal",2
"975","SN15-02","albermarlensis",9747.131519,"arboreal",2
"976","SN15-02","albermarlensis",11837.24405,"arboreal",2
"977","SN15-02","albermarlensis",9643.522268,"arboreal",2
"978","SN15-02","albermarlensis",13605.6187,"arboreal",2
"979","SN15-03","tortuganus",4757.787784,"arboreal",43
"980","SN15-03","tortuganus",5923.231602,"arboreal",43
"981","SN15-03","tortuganus",6707.948542,"arboreal",43
"982","SN15-03","tortuganus",4673.435139,"arboreal",43
"983","SN15-03","tortuganus",6438.995025,"arboreal",43
"984","SN15-03","tortuganus",5868.208706,"arboreal",43
"985","SN15-03","tortuganus",7678.134683,"arboreal",43
"986","SN15-03","tortuganus",11925.36955,"arboreal",43
"987","SN15-03","tortuganus",9442.47623,"arboreal",43
"988","SN15-03","tortuganus",6859.02979,"arboreal",43
"989","SN15-03","tortuganus",4067.897619,"arboreal",43
"990","SN15-03","tortuganus",4007.825048,"arboreal",43
"991","SN15-03","tortuganus",5024.009596,"arboreal",43
"992","SN15-03","tortuganus",6879.281925,"arboreal",43
"993","SN15-03","tortuganus",6907.803215,"arboreal",43
"994","SN15-03","tortuganus",6945.024597,"arboreal",43
"995","SN15-03","tortuganus",4929.757489,"arboreal",43
"996","SN15-03","tortuganus",10136.6773,"arboreal",43
"997","SN15-03","tortuganus",6115.05573,"arboreal",43
"998","SN15-03","tortuganus",4987.344186,"arboreal",43
"999","SC14-15","eos",5211.47176,"arboreal",12
"1000","FL15-01","ustulatus phlegonis",5267.906571,"terrestrial",45
"1001","FL15-01","ustulatus phlegonis",4407.908885,"terrestrial",45
"1002","FL15-01","ustulatus phlegonis",5299.043325,"terrestrial",45
"1003","FL15-01","ustulatus phlegonis",5454.1097,"terrestrial",45
"1004","FL15-01","ustulatus phlegonis",5078.946393,"terrestrial",45
"1005","SA16-08","darwini",15540.41806,"arboreal",11
"1006","SA16-08","darwini",20789.39891,"arboreal",11
"1007","SA16-08","darwini",14107.0041,"arboreal",11
"1008","SA16-08","darwini",15127.09882,"arboreal",11
"1009","SA16-08","darwini",18917.58194,"arboreal",11
"1010","SA16-08","darwini",11829.92606,"arboreal",11
"1011","SA16-08","darwini",11963.55169,"arboreal",11
"1012","SA16-08","darwini",10070.03138,"arboreal",11
"1013","SA16-09","darwini",18659.45844,"arboreal",11
"1014","SA16-09","darwini",14788.75135,"arboreal",11
"1015","SA16-09","darwini",12718.28039,"arboreal",11
"1016","SA16-09","darwini",11368.77046,"arboreal",11
"1017","SA16-09","darwini",12278.99198,"arboreal",11
"1018","SA16-09","darwini",12668.81281,"arboreal",11
"1019","SA16-09","darwini",13187.12234,"arboreal",11
"1020","SA16-09","darwini",17118.53177,"arboreal",11
"1021","SA16-09","darwini",15857.15188,"arboreal",11
"1022","SA16-09","darwini",15404.0589,"arboreal",11
"1023","SA16-09","darwini",15356.71706,"arboreal",11
"1024","SA16-03","olla",4934.366274,"terrestrial",22
"1025","SA16-03","olla",5755.311293,"terrestrial",22
"1026","SA16-03","olla",5660.145239,"terrestrial",22
"1027","SA16-03","olla",5247.326343,"terrestrial",22
"1028","SA16-05","rugiferus",7547.539009,"arboreal",31
"1029","SA16-05","rugiferus",9846.435166,"arboreal",31
"1030","SA16-05","rugiferus",15211.76429,"arboreal",31
"1031","SA16-05","rugiferus",10903.73065,"arboreal",31
"1032","SA16-05","rugiferus",14177.22577,"arboreal",31
"1033","SA16-05","rugiferus",8317.538639,"arboreal",31
"1034","SA16-05","rugiferus",6715.800196,"arboreal",31
"1035","SA16-05","rugiferus",11707.64309,"arboreal",31
"1036","SA16-05","rugiferus",7898.250604,"arboreal",31
"1037","SA16-05","rugiferus",9055.132084,"arboreal",31
"1038","SA16-05","rugiferus",9273.828183,"arboreal",31
"1039","SA16-05","rugiferus",6490.535856,"arboreal",31
"1040","SA16-05","rugiferus",12858.95683,"arboreal",31
"1041","SA16-05","rugiferus",5939.414915,"arboreal",31
"1042","SA16-05","rugiferus",5490.02487,"arboreal",31
"1043","SA16-05","rugiferus",7514.032456,"arboreal",31
"1044","SA16-05","rugiferus",6678.759083,"arboreal",31
"1045","SA16-05","rugiferus",5893.987644,"arboreal",31
"1046","SA16-05","rugiferus",6817.172168,"arboreal",31
"1047","SA16-05","rugiferus",11634.55209,"arboreal",31
"1048","SA16-05","rugiferus",8597.29266,"arboreal",31
"1049","SA16-06","darwini",15206.38727,"arboreal",11
"1050","SA16-06","darwini",13074.20524,"arboreal",11
"1051","SA16-06","darwini",16665.24514,"arboreal",11
"1052","SA16-06","darwini",11441.93387,"arboreal",11
"1053","SA16-06","darwini",11057.39082,"arboreal",11
"1054","SA16-06","darwini",12171.3851,"arboreal",11
"1055","SA16-06","darwini",15107.29007,"arboreal",11
"1056","SA16-06","darwini",8163.334976,"arboreal",11
"1057","SA16-06","darwini",13283.88356,"arboreal",11
"1058","SA16-06","darwini",10331.74756,"arboreal",11
"1059","SA16-06","darwini",8150.119561,"arboreal",11
"1060","SA16-06","olla",6005.744936,"terrestrial",22
"1061","SA16-07","darwini",17281.51119,"arboreal",11
"1062","SA16-07","darwini",12184.53249,"arboreal",11
"1063","SA16-11","sculpturatus",9369.70869,"arboreal",33
"1064","SA16-11","sculpturatus",7897.171297,"arboreal",33
"1065","SA16-12","sculpturatus",15336.70963,"arboreal",33
"1066","SA16-12","sculpturatus",10457.96168,"arboreal",33
"1067","SA16-12","sculpturatus",5963.586849,"arboreal",33
"1068","SA16-12","sculpturatus",6986.864537,"arboreal",33
"1069","SA16-12","sculpturatus",7263.150851,"arboreal",33
"1070","SA16-12","sculpturatus",7602.105878,"arboreal",33
"1071","SA16-12","sculpturatus",8544.240915,"arboreal",33
"1072","SA16-12","sculpturatus",8000.086617,"arboreal",33
"1073","SA16-12","sculpturatus",13304.96462,"arboreal",33
"1074","SA16-12","sculpturatus",6623.378911,"arboreal",33
"1075","SA16-12","sculpturatus",9113.141667,"arboreal",33
"1076","SA16-12","sculpturatus",21280.78995,"arboreal",33
"1077","SA16-12","sculpturatus",14285.2762,"arboreal",33
"1078","SA16-12","sculpturatus",18170.36941,"arboreal",33
"1079","SA16-12","sculpturatus",21471.61474,"arboreal",33
"1080","SA16-12","sculpturatus",14713.03125,"arboreal",33
"1081","SA16-12","sculpturatus",17713.1376,"arboreal",33
"1082","SA16-12","sculpturatus",16717.44006,"arboreal",33
