"","id","species","mismatch","species_code"
"1","SL14-01","amastroides",465.126939866667,3
"2","SL14-01","amastroides",-682.508198833333,3
"3","SL14-01","amastroides",1503.55630386667,3
"4","SL14-01","amastroides",1363.56132586667,3
"5","SL14-01","amastroides",-120.264870133333,3
"6","SL14-01","amastroides",-524.070807833333,3
"7","SL14-01","amastroides",332.948215866666,3
"8","SL14-01","amastroides",-673.948072133333,3
"9","SL14-01","amastroides",206.933091866666,3
"10","SL14-01","amastroides",-266.770247133333,3
"11","SL14-01","amastroides",-414.844232333333,3
"12","SL14-01","amastroides",-107.835859133333,3
"13","SL14-01","amastroides",-277.805951933333,3
"14","SL14-01","amastroides",-668.439111133333,3
"15","SL14-01","amastroides",-96.7782061333335,3
"16","SL14-01","amastroides",1210.97750786667,3
"17","SL14-01","amastroides",-656.902323433333,3
"18","SL14-01","amastroides",-512.882479333333,3
"19","SL14-01","amastroides",953.353952866667,3
"20","SL14-01","amastroides",-437.307450933333,3
"21","SL14-01","amastroides",-170.535014133333,3
"22","SL14-01","amastroides",392.142197866666,3
"23","SL14-01","amastroides",288.653989866667,3
"24","SL14-06","perspectivus",-365.25520682353,25
"25","SL14-06","perspectivus",-2474.34188862353,25
"26","SL14-06","perspectivus",-1720.13253882353,25
"27","SL14-06","perspectivus",-1685.24956282353,25
"28","SL14-06","perspectivus",-244.890531823529,25
"29","SL14-06","perspectivus",-1463.86377082353,25
"30","SL14-06","perspectivus",-702.936932823529,25
"31","SL14-06","perspectivus",-1382.95137982353,25
"32","SL14-06","perspectivus",-1106.38553682353,25
"33","SL14-06","perspectivus",-1321.91243782353,25
"34","SL14-06","perspectivus",-1261.87827482353,25
"35","SL14-06","perspectivus",-1619.71531182353,25
"36","SL14-06","perspectivus",-1380.22969882353,25
"37","SL14-06","perspectivus",-1255.16857482353,25
"38","SL14-06","perspectivus",-1497.85123582353,25
"39","SL14-06","perspectivus",-549.587185823529,25
"40","SL14-06","perspectivus",111.169224176471,25
"41","SL14-06","perspectivus",-2035.79043482353,25
"42","SL14-06","perspectivus",-1671.15951582353,25
"43","SL14-06","perspectivus",-1185.30244282353,25
"44","SL14-06","perspectivus",-1608.52883682353,25
"45","SL14-06","perspectivus",-1334.50278282353,25
"46","SL14-06","perspectivus",-1070.25367682353,25
"47","SL14-06","perspectivus",-1243.85079882353,25
"48","SL14-06","perspectivus",-1419.73321082353,25
"49","SL14-06","perspectivus",-1800.13526682353,25
"50","SL14-06","perspectivus",-1719.72722182353,25
"51","SL14-06","perspectivus",-1265.75488082353,25
"52","SL14-06","perspectivus",-1755.63572082353,25
"53","SL14-06","perspectivus",-1632.96741082353,25
"54","SL14-06","perspectivus",-1892.30619382353,25
"55","SL14-06","perspectivus",-1285.56087982353,25
"56","SL14-06","perspectivus",-936.096602823529,25
"57","SL14-06","perspectivus",-1143.29042482353,25
"58","SL14-06","perspectivus",NA,25
"59","SL14-06","perspectivus",NA,25
"60","SL14-06","perspectivus",NA,25
"61","SL14-06","perspectivus",NA,25
"62","SL14-06","perspectivus",NA,25
"63","SL14-06","perspectivus",NA,25
"64","SL14-06","chemnitzioides",-1003.45256682353,10
"65","SL14-06","chemnitzioides",-1193.09198482353,10
"66","SL14-06","chemnitzioides",-626.600837823529,10
"67","SL14-06","chemnitzioides",-960.75160682353,10
"68","SL14-06","chemnitzioides",-1205.13017882353,10
"69","SL14-06","chemnitzioides",-2292.3207896,10
"70","SL14-06","chemnitzioides",-1705.7244006,10
"71","SL14-06","chemnitzioides",-778.8962536,10
"72","SL14-06","chemnitzioides",-540.6838856,10
"73","SL14-06","chemnitzioides",-2009.1163436,10
"74","SL14-06","chemnitzioides",-2171.0151276,10
"75","SL14-06","chemnitzioides",-1452.5076296,10
"76","SL14-06","chemnitzioides",-1909.9088186,10
"77","SL14-06","chemnitzioides",-1755.5922816,10
"78","SL14-06","chemnitzioides",-1440.1654356,10
"79","SL14-06","chemnitzioides",-1970.0254486,10
"80","SL14-06","chemnitzioides",-1556.4020176,10
"81","SL14-06","chemnitzioides",-377.397631600001,10
"82","SL14-06","chemnitzioides",-1580.5518036,10
"83","SL14-06","chemnitzioides",-1332.6131466,10
"84","SL14-06","chemnitzioides",-1072.7452636,10
"85","SL14-06","chemnitzioides",-1852.1990086,10
"86","SL14-06","chemnitzioides",-790.993946823529,10
"87","SL14-06","chemnitzioides",-343.940130823529,10
"88","SL14-06","chemnitzioides",5073.52881217647,10
"89","SL14-07","chemnitzioides",-1568.7009666,10
"90","SL14-07","chemnitzioides",-3048.9530036,10
"91","SL14-07","chemnitzioides",-2098.7707136,10
"92","SL14-07","chemnitzioides",-3438.2212456,10
"93","SL14-07","chemnitzioides",-3239.5288146,10
"94","SL14-07","chemnitzioides",-3807.4675411,10
"95","SL14-07","chemnitzioides",-3047.3741186,10
"96","SL14-07","chemnitzioides",-2863.7664256,10
"97","SL14-07","chemnitzioides",-2005.1541506,10
"98","SL14-07","chemnitzioides",-2022.3078366,10
"99","SL14-07","chemnitzioides",-2114.9529706,10
"100","SL14-07","chemnitzioides",-1626.8864876,10
"101","SL14-07","chemnitzioides",-1935.9442576,10
"102","SL14-07","chemnitzioides",216.0971874,10
"103","SL14-07","chemnitzioides",-809.781848600001,10
"104","SL14-07","chemnitzioides",-2499.7370156,10
"105","SL14-07","chemnitzioides",-2918.4632906,10
"106","SL14-07","chemnitzioides",-2224.8809426,10
"107","SL14-07","chemnitzioides",-1860.6850266,10
"108","SL14-07","chemnitzioides",-2415.6821666,10
"109","SL14-07","chemnitzioides",-2658.7410996,10
"110","SL14-07","chemnitzioides",268.9985404,10
"111","SL14-07","chemnitzioides",-2501.9308536,10
"112","SL14-07","chemnitzioides",-1626.9147726,10
"113","SL14-07","chemnitzioides",-2524.9857646,10
"114","SL14-07","chemnitzioides",-1373.5426956,10
"115","SL14-07","chemnitzioides",-2977.4271046,10
"116","SL14-07","chemnitzioides",-2322.8092576,10
"117","SC14-01","reibischi",2409.34763486667,30
"118","SC14-02","reibischi",2657.88705813333,30
"119","SC14-02","reibischi",3624.76217213333,30
"120","SC14-02","reibischi",6322.18276813333,30
"121","SC14-02","reibischi",6634.51320013333,30
"122","SC14-02","reibischi",6062.21140213333,30
"123","SC14-02","reibischi",3220.86443013333,30
"124","SC14-02","reibischi",4767.97660013333,30
"125","SC14-02","reibischi",6687.15715413333,30
"126","SC14-02","reibischi",2412.76149713333,30
"127","SC14-02","reibischi",3391.05743645454,30
"128","SC14-02","reibischi",NA,30
"129","SC14-02","reibischi",NA,30
"130","SC14-02","reibischi",NA,30
"131","SC14-02","reibischi",NA,30
"132","SC14-02","reibischi",NA,30
"133","SC14-02","reibischi",NA,30
"134","SC14-02","reibischi",1930.83307057143,30
"135","SC14-02","reibischi",15.8690365714283,30
"136","SC14-02","reibischi",3774.11616457143,30
"137","SC14-02","reibischi",3810.43640757143,30
"138","SC14-02","reibischi",2234.52892757143,30
"139","SC14-02","reibischi",1546.54991057143,30
"140","SC14-02","reibischi",1054.85431157143,30
"141","SC14-02","reibischi",-213.967643428571,30
"142","SC14-02","reibischi",4330.62033757143,30
"143","SC14-02","reibischi",1712.75688357143,30
"144","SC14-02","reibischi",2338.05615657143,30
"145","SC14-02","reibischi",2382.71356757143,30
"146","SC14-02","reibischi",2403.63050157143,30
"147","SC14-02","reibischi",198.972213571428,30
"148","SC14-02","reibischi",1342.48547957143,30
"149","SC14-02","reibischi",2041.12504957143,30
"150","SC14-02","reibischi",1388.45202557143,30
"151","SC14-02","reibischi",1468.06615457143,30
"152","SC14-02","reibischi",2861.40263757143,30
"153","SC14-02","reibischi",1978.95297957143,30
"154","SC14-02","reibischi",2739.89785257143,30
"155","SC14-02","reibischi",1799.85995857143,30
"156","SC14-02","reibischi",1212.17812557143,30
"157","SC14-02","reibischi",3620.21779757143,30
"158","SC14-02","reibischi",2491.12773957143,30
"159","SC14-02","reibischi",4043.31636757143,30
"160","SC14-02","reibischi",3126.05533357143,30
"161","SC14-02","reibischi",2360.12305657143,30
"162","SC14-02","reibischi",3520.35005557143,30
"163","SC14-02","reibischi",2717.28520257143,30
"164","SC14-02","reibischi",3403.53808857143,30
"165","SC14-02","reibischi",1327.28093257143,30
"166","SC14-02","reibischi",1910.75468257143,30
"167","SC14-02","reibischi",2502.38289657143,30
"168","SC14-02","reibischi",2301.49820857143,30
"169","SC14-02","reibischi",538.995031571429,30
"170","SC14-02","reibischi",4723.20837157143,30
"171","FL14-01","unifasciatus",-2084.38489989474,44
"172","FL14-01","unifasciatus",-2727.04181189474,44
"173","FL14-01","unifasciatus",-2035.60974589474,44
"174","FL14-01","unifasciatus",-2704.50832489474,44
"175","FL14-01","unifasciatus",-3715.18426879474,44
"176","FL14-01","unifasciatus",882.64290138,44
"177","FL14-01","unifasciatus",-373.54542062,44
"178","FL14-01","unifasciatus",1299.33512138,44
"179","FL14-01","unifasciatus",-604.86884182,44
"180","FL14-01","unifasciatus",-753.25549292,44
"181","FL14-01","unifasciatus",-100.70888062,44
"182","FL14-01","unifasciatus",-735.31094852,44
"183","FL14-01","unifasciatus",-492.46429662,44
"184","FL14-01","unifasciatus",-403.39470622,44
"185","FL14-01","unifasciatus",3481.67457038,44
"186","FL14-01","unifasciatus",-549.55449202,44
"187","FL14-01","unifasciatus",788.73647638,44
"188","FL14-01","unifasciatus",357.36256238,44
"189","FL14-01","unifasciatus",111.05113938,44
"190","FL14-01","unifasciatus",-870.69807732,44
"191","FL14-01","unifasciatus",232.63166338,44
"192","FL14-01","unifasciatus",-338.40711362,44
"193","FL14-01","unifasciatus",694.83223438,44
"194","FL14-01","unifasciatus",538.88225838,44
"195","FL14-01","unifasciatus",414.22400738,44
"196","FL14-01","unifasciatus",2776.35057028,44
"197","FL14-01","unifasciatus",2822.93157128,44
"198","FL14-01","unifasciatus",2567.46015028,44
"199","FL14-01","unifasciatus",2130.51875628,44
"200","FL14-01","unifasciatus",2388.22498928,44
"201","FL14-01","unifasciatus",3757.28185728,44
"202","FL14-01","unifasciatus",1419.85021228,44
"203","FL14-01","unifasciatus",1688.61454028,44
"204","FL14-01","unifasciatus",NA,44
"205","FL14-01","unifasciatus",NA,44
"206","FL14-01","unifasciatus",NA,44
"207","FL14-01","unifasciatus",NA,44
"208","FL14-01","unifasciatus",NA,44
"209","FL14-01","unifasciatus",NA,44
"210","FL14-01","unifasciatus",NA,44
"211","FL14-01","unifasciatus",NA,44
"212","FL14-01","unifasciatus",NA,44
"213","FL14-01","unifasciatus",NA,44
"214","FL14-01","unifasciatus",NA,44
"215","FL14-01","nux",305.910263105264,20
"216","FL14-01","nux",422.796926105263,20
"217","FL14-01","nux",166.602075105264,20
"218","FL14-01","nux",-986.109433894736,20
"219","FL14-01","nux",472.631340105264,20
"220","FL14-01","nux",-777.050044894736,20
"221","FL14-01","nux",-993.057357894736,20
"222","FL14-01","nux",-313.452690894736,20
"223","FL14-01","nux",-1180.50782289474,20
"224","FL14-01","nux",9.59456210526332,20
"225","FL14-01","nux",-1015.66133989474,20
"226","FL14-01","nux",1125.19729310526,20
"227","FL14-01","nux",-796.156668894736,20
"228","FL14-01","nux",-125.314535894737,20
"229","FL14-01","nux",-959.256279894737,20
"230","FL14-01","nux",2766.02044610526,20
"231","FL14-01","nux",-958.476569894737,20
"232","FL14-01","nux",-1277.14957589474,20
"233","FL14-01","nux",3673.74853428,20
"234","FL14-01","nux",3520.22102138,20
"235","FL14-01","nux",3481.21712938,20
"236","FL14-01","nux",3154.88671838,20
"237","FL14-01","nux",3507.75699838,20
"238","FL14-01","nux",2915.82788738,20
"239","FL14-01","nux",3191.19569638,20
"240","FL14-01","nux",1828.04358538,20
"241","FL14-01","nux",3339.28290538,20
"242","FL14-01","nux",3131.29330038,20
"243","FL14-01","nux",2985.59761638,20
"244","FL14-01","nux",NA,20
"245","FL14-01","nux",NA,20
"246","FL14-01","nux",NA,20
"247","FL14-01","nux",NA,20
"248","FL14-01","nux",NA,20
"249","FL14-01","nux",NA,20
"250","FL14-01","nux",NA,20
"251","FL14-01","nux",NA,20
"252","FL14-01","nux",NA,20
"253","FL14-01","nux",NA,20
"254","FL14-01","nux",1493.3730303,20
"255","FL14-01","nux",1877.8728953,20
"256","FL14-02","calvus",3090.90287857,7
"257","FL14-02","calvus",2139.59605557,7
"258","FL14-02","calvus",2001.37391157,7
"259","FL14-02","calvus",1783.20853157,7
"260","FL14-02","calvus",1798.51479857,7
"261","FL14-02","calvus",2331.44749057,7
"262","FL14-02","calvus",2161.16378557,7
"263","FL14-02","calvus",1830.92323357,7
"264","FL14-02","calvus",1944.77795557,7
"265","FL14-02","calvus",2076.58260057,7
"266","FL14-02","calvus",2674.64477657,7
"267","FL14-02","calvus",2197.64558257,7
"268","FL14-02","calvus",2236.45410457,7
"269","FL14-02","calvus",1280.21528457,7
"270","FL14-02","calvus",1898.77334357,7
"271","FL14-02","calvus",2150.54369157,7
"272","FL14-02","calvus",2647.44060657,7
"273","FL14-02","calvus",2462.48368857,7
"274","FL14-02","calvus",2715.26353657,7
"275","FL14-02","calvus",2031.99892557,7
"276","FL14-02","calvus",1903.12871057,7
"277","FL14-02","calvus",2770.73113357,7
"278","FL14-02","calvus",1852.87435057,7
"279","FL14-02","calvus",2109.29756457,7
"280","FL14-02","calvus",1880.46067757,7
"281","FL14-02","calvus",2296.87671657,7
"282","FL14-02","calvus",2254.28144757,7
"283","FL14-02","calvus",2819.73047757,7
"284","FL14-02","calvus",1960.90032257,7
"285","FL14-02","calvus",1679.69305757,7
"286","FL14-03","nucula",-1648.1273916,19
"287","FL14-06","nucula",3429.1449656,19
"288","FL14-06","nucula",1727.2301766,19
"289","FL14-06","nucula",1487.2176436,19
"290","FL14-06","nucula",3836.6163306,19
"291","FL14-06","nucula",850.8172866,19
"292","FL14-06","nucula",794.1596966,19
"293","FL14-06","nucula",390.4173596,19
"294","FL14-06","nucula",1433.4236406,19
"295","FL14-06","nucula",2041.8890776,19
"296","FL14-06","nucula",8040.6881406,19
"297","FL14-06","nucula",2011.1218396,19
"298","FL14-06","nucula",4433.7852426,19
"299","FL14-06","nucula",2049.3113266,19
"300","FL14-06","nucula",2552.4096046,19
"301","FL14-06","nucula",2040.9103216,19
"302","FL14-06","nucula",1522.5148276,19
"303","FL14-06","nucula",2136.9444256,19
"304","FL14-06","nucula",556.5646946,19
"305","FL14-06","nucula",1046.9937416,19
"306","FL14-06","nucula",3441.3683626,19
"307","FL14-06","nucula",2270.3680196,19
"308","FL14-06","nucula",867.8864756,19
"309","FL14-06","nucula",-415.9307694,19
"310","FL14-06","nucula",2349.4176866,19
"311","FL14-06","nucula",764.4222316,19
"312","FL14-06","nucula",353.561824599999,19
"313","FL14-06","nucula",2946.5855716,19
"314","FL14-06","nucula",1134.2925266,19
"315","FL14-06","nucula",2604.8354796,19
"316","FL14-06","nucula",1136.8744509,19
"317","FL14-06","nucula",1102.8396459,19
"318","FL14-06","nucula",640.3022309,19
"319","FL14-06","nucula",657.7467119,19
"320","FL14-06","nucula",1714.4124509,19
"321","FL14-06","nucula",497.2348949,19
"322","FL14-06","nucula",274.8875099,19
"323","FL14-06","nucula",4199.7719209,19
"324","SN14-01","tortuganus",1580.91335155556,43
"325","SN14-01","tortuganus",7645.80256755556,43
"326","SN14-01","tortuganus",1853.48990255556,43
"327","SN14-01","tortuganus",941.736630555555,43
"328","SN14-01","tortuganus",2848.63874955556,43
"329","SN14-01","tortuganus",5643.48740755556,43
"330","SN14-01","tortuganus",1791.97617355556,43
"331","SN14-01","tortuganus",7257.31389755555,43
"332","SN14-01","tortuganus",2118.46641055556,43
"333","SN14-01","tortuganus",1047.03931255556,43
"334","SN14-01","tortuganus",2757.04288055556,43
"335","SN14-01","tortuganus",3454.12991955556,43
"336","SN14-01","tortuganus",621.871882555555,43
"337","SN14-01","tortuganus",1933.73858555556,43
"338","SN14-01","tortuganus",2229.85677855556,43
"339","SN14-01","tortuganus",1085.74523355556,43
"340","SN14-01","tortuganus",2320.53743555556,43
"341","SN14-01","tortuganus",1049.22932555556,43
"342","SN14-01","tortuganus",2489.83934555556,43
"343","SN14-01","tortuganus",1288.84428355556,43
"344","SN14-01","tortuganus",2630.51151955556,43
"345","SN14-01","tortuganus",1683.44208755556,43
"346","SN14-01","tortuganus",1248.12097555556,43
"347","SN14-01","tortuganus",333.902766555556,43
"348","SN14-01","tortuganus",678.093438555556,43
"349","SN14-01","tortuganus",712.354683555555,43
"350","SN14-01","tortuganus",811.465742555555,43
"351","SN14-01","tortuganus",2564.58596855556,43
"352","SN14-01","tortuganus",2394.59102855556,43
"353","SN14-01","tortuganus",2434.17971655556,43
"354","SN14-01","tortuganus",610.734345555556,43
"355","SN14-02","tortuganus",NA,43
"356","SN14-02","tortuganus",NA,43
"357","SN14-02","tortuganus",NA,43
"358","SN14-02","tortuganus",NA,43
"359","SN14-02","tortuganus",NA,43
"360","SN14-02","tortuganus",NA,43
"361","SN14-02","tortuganus",NA,43
"362","SN14-02","tortuganus",NA,43
"363","SN14-02","tortuganus",NA,43
"364","SN14-02","tortuganus",NA,43
"365","SN14-02","tortuganus",NA,43
"366","SN14-02","tortuganus",NA,43
"367","SN14-02","tortuganus",NA,43
"368","SN14-02","tortuganus",NA,43
"369","SN14-02","tortuganus",NA,43
"370","SN14-02","tortuganus",NA,43
"371","SN14-02","tortuganus",NA,43
"372","SN14-02","tortuganus",NA,43
"373","SN14-02","tortuganus",NA,43
"374","SN14-02","tortuganus",NA,43
"375","SN14-02","tortuganus",NA,43
"376","SN14-02","tortuganus",NA,43
"377","SN14-02","tortuganus",NA,43
"378","SN14-02","tortuganus",NA,43
"379","SN14-02","tortuganus",NA,43
"380","SN14-02","tortuganus",NA,43
"381","SN14-02","tortuganus",NA,43
"382","SN14-02","tortuganus",NA,43
"383","SN14-02","tortuganus",NA,43
"384","SN14-02","tortuganus",NA,43
"385","SN14-02","tortuganus",NA,43
"386","SN14-02","tortuganus",NA,43
"387","SN14-02","tortuganus",NA,43
"388","SN14-02","tortuganus",NA,43
"389","SN14-02","tortuganus",NA,43
"390","SN14-02","tortuganus",NA,43
"391","SN14-02","tortuganus",NA,43
"392","SN14-02","tortuganus",NA,43
"393","SN14-02","tortuganus",NA,43
"394","SN14-02","tortuganus",NA,43
"395","SN14-02","tortuganus",NA,43
"396","SN14-03","tortuganus",NA,43
"397","SN14-03","tortuganus",NA,43
"398","SN14-03","tortuganus",NA,43
"399","SN14-03","tortuganus",NA,43
"400","SN14-03","tortuganus",NA,43
"401","SN14-03","tortuganus",NA,43
"402","SN14-03","tortuganus",NA,43
"403","SN14-03","tortuganus",NA,43
"404","SN14-03","tortuganus",NA,43
"405","SN14-03","tortuganus",NA,43
"406","SN14-03","tortuganus",NA,43
"407","SN14-03","tortuganus",NA,43
"408","SN14-03","tortuganus",NA,43
"409","SN14-03","tortuganus",NA,43
"410","SN14-03","tortuganus",NA,43
"411","SN14-03","tortuganus",NA,43
"412","SN14-03","tortuganus",NA,43
"413","SN14-03","tortuganus",NA,43
"414","SN14-03","tortuganus",NA,43
"415","SN14-03","tortuganus",NA,43
"416","SN14-03","tortuganus",NA,43
"417","SN14-04","albermarlensis",NA,2
"418","SN14-04","albermarlensis",NA,2
"419","SN14-04","albermarlensis",NA,2
"420","SN14-04","albermarlensis",NA,2
"421","SN14-04","albermarlensis",NA,2
"422","SN14-04","albermarlensis",NA,2
"423","SN14-04","albermarlensis",NA,2
"424","SN14-04","albermarlensis",NA,2
"425","SN14-04","albermarlensis",NA,2
"426","SN14-04","albermarlensis",NA,2
"427","SN14-04","albermarlensis",NA,2
"428","SN14-04","albermarlensis",NA,2
"429","SN14-04","albermarlensis",NA,2
"430","SN14-04","albermarlensis",NA,2
"431","SN14-04","albermarlensis",NA,2
"432","SN14-04","albermarlensis",NA,2
"433","SN14-04","albermarlensis",NA,2
"434","SN14-04","albermarlensis",NA,2
"435","SN14-04","albermarlensis",NA,2
"436","SN14-04","albermarlensis",NA,2
"437","SN14-04","albermarlensis",NA,2
"438","SN14-04","albermarlensis",NA,2
"439","SN14-04","albermarlensis",NA,2
"440","SN14-04","albermarlensis",NA,2
"441","SN14-04","albermarlensis",NA,2
"442","SN14-04","albermarlensis",NA,2
"443","SN14-04","albermarlensis",NA,2
"444","SN14-04","albermarlensis",NA,2
"445","SN14-04","albermarlensis",NA,2
"446","SN14-04","albermarlensis",NA,2
"447","SN14-04","albermarlensis",NA,2
"448","SN14-04","albermarlensis",NA,2
"449","SN14-05","albermarlensis",NA,2
"450","SN14-05","albermarlensis",NA,2
"451","SN14-05","albermarlensis",NA,2
"452","SN14-05","albermarlensis",1796.42229511818,2
"453","SN14-05","albermarlensis",4775.54345011818,2
"454","SN14-05","albermarlensis",4500.29620411818,2
"455","SN14-06","simrothi",NA,34
"456","SN14-06","simrothi",NA,34
"457","SN14-06","simrothi",NA,34
"458","SN14-06","simrothi",NA,34
"459","SN14-06","simrothi",NA,34
"460","SN14-06","simrothi",NA,34
"461","SN14-06","simrothi",NA,34
"462","SN14-06","simrothi",NA,34
"463","SN14-06","simrothi",NA,34
"464","SN14-06","simrothi",NA,34
"465","SN14-06","simrothi",NA,34
"466","SN14-06","simrothi",NA,34
"467","SN14-06","simrothi",NA,34
"468","SN14-06","simrothi",NA,34
"469","SN14-06","simrothi",NA,34
"470","SN14-06","simrothi",NA,34
"471","SN14-06","simrothi",NA,34
"472","SN14-06","simrothi",NA,34
"473","SN14-06","simrothi",NA,34
"474","SN14-06","simrothi",NA,34
"475","SN14-06","simrothi",NA,34
"476","SN14-06","simrothi",NA,34
"477","SN14-06","simrothi",NA,34
"478","SN14-06","simrothi",NA,34
"479","SN14-06","simrothi",NA,34
"480","SN14-06","simrothi",NA,34
"481","SN14-06","simrothi",NA,34
"482","SN14-06","simrothi",NA,34
"483","SN14-06","simrothi",NA,34
"484","SN14-06","simrothi",NA,34
"485","SN14-06","simrothi",NA,34
"486","SN14-06","simrothi",NA,34
"487","SN14-06","simrothi",NA,34
"488","SN14-06","simrothi",NA,34
"489","SN14-06","simrothi",NA,34
"490","SN14-06","simrothi",NA,34
"491","SN14-06","simrothi",NA,34
"492","SN14-06","simrothi",NA,34
"493","SC14-03","wolfi",-565.0229233,47
"494","SC14-03","wolfi",-1612.6969483,47
"495","SC14-03","wolfi",-559.7439633,47
"496","SC14-03","wolfi",-1055.2737073,47
"497","SC14-03","wolfi",-1230.8033973,47
"498","SC14-03","wolfi",-1310.4209703,47
"499","SC14-03","wolfi",-1446.5358413,47
"500","SC14-03","wolfi",980.9535597,47
"501","SC14-03","wolfi",NA,47
"502","SC14-03","wolfi",NA,47
"503","SC14-03","wolfi",NA,47
"504","SC14-03","wolfi",NA,47
"505","SC14-03","wolfi",NA,47
"506","SC14-03","wolfi",NA,47
"507","SC14-03","wolfi",NA,47
"508","SC14-03","wolfi",NA,47
"509","SC14-03","wolfi",NA,47
"510","SC14-03","wolfi",NA,47
"511","SC14-03","wolfi",NA,47
"512","SC14-03","wolfi",NA,47
"513","SC14-03","wolfi",NA,47
"514","SC14-03","wolfi",NA,47
"515","SC14-03","wolfi",NA,47
"516","SC14-03","wolfi",NA,47
"517","SC14-03","wolfi",NA,47
"518","SC14-03","wolfi",NA,47
"519","SC14-03","wolfi",NA,47
"520","SC14-03","wolfi",NA,47
"521","SC14-03","wolfi",NA,47
"522","SC14-03","wolfi",NA,47
"523","SC14-03","wolfi",NA,47
"524","SC14-03","wolfi",NA,47
"525","SC14-03","wolfi",NA,47
"526","SC14-03","wolfi",NA,47
"527","SC14-03","wolfi",NA,47
"528","SC14-03","wolfi",NA,47
"529","SC14-03","wolfi",NA,47
"530","SC14-03","wolfi",-3431.21007755,47
"531","SC14-03","wolfi",-4449.58276655,47
"532","SC14-03","wolfi",-4986.61160555,47
"533","SC14-03","wolfi",-4764.95318255,47
"534","SC14-03","wolfi",-1475.73407255,47
"535","SC14-03","wolfi",-2168.00986255,47
"536","SC14-03","wolfi",-2738.90689155,47
"537","SC14-03","wolfi",-3354.12670155,47
"538","SC14-05","hirsutus",419.0730966,14
"539","SC14-05","hirsutus",518.5180796,14
"540","SC14-05","hirsutus",1085.2533836,14
"541","SC14-05","hirsutus",527.6620686,14
"542","SC14-05","hirsutus",305.4986816,14
"543","SC14-05","hirsutus",710.7979006,14
"544","SC14-05","hirsutus",1063.9520496,14
"545","SC14-05","hirsutus",648.0899936,14
"546","SC14-05","hirsutus",1270.2405306,14
"547","SC14-09","wolfi",-1281.96009693333,47
"548","SC14-09","wolfi",-35.0083739333331,47
"549","SC14-09","wolfi",462.594857066667,47
"550","SC14-09","wolfi",-601.512404933334,47
"551","SC14-09","wolfi",-812.400205933333,47
"552","SC14-09","wolfi",-264.541535933333,47
"553","SC14-09","wolfi",-664.408524933333,47
"554","SC14-09","wolfi",620.614208066667,47
"555","SC14-09","wolfi",852.315879066667,47
"556","SC14-09","wolfi",3397.73588006667,47
"557","SC14-09","wolfi",-1452.59108793333,47
"558","SC14-09","wolfi",-929.462691933333,47
"559","SC14-09","wolfi",-116.449557933333,47
"560","SC14-09","wolfi",3345.38396006667,47
"561","SC14-09","wolfi",1034.57120506667,47
"562","SC14-09","wolfi",1314.41166206667,47
"563","SC14-09","wolfi",625.407423066667,47
"564","SC14-09","wolfi",-1306.14817293333,47
"565","SC14-09","wolfi",-381.554045933333,47
"566","SC14-09","wolfi",-719.987815933333,47
"567","SC14-13","wolfi",-1295.13478706667,47
"568","SC14-13","wolfi",62.5856989333333,47
"569","SC14-13","wolfi",-1747.54720606667,47
"570","SC14-13","wolfi",314.638306933333,47
"571","SC14-13","wolfi",-1220.86530106667,47
"572","SC14-13","wolfi",361.906838933333,47
"573","SC14-13","wolfi",-702.427906066667,47
"574","SC14-13","wolfi",-691.227056066667,47
"575","SC14-13","wolfi",782.358065933333,47
"576","SC14-13","wolfi",-622.071779066667,47
"577","SC14-13","wolfi",1095.14084193333,47
"578","SC14-13","wolfi",-586.407762066667,47
"579","SC14-13","wolfi",2094.65165793333,47
"580","SC14-13","wolfi",937.101652933334,47
"581","SC14-13","wolfi",-265.580667066667,47
"582","SC14-13","wolfi",-969.545254066667,47
"583","SC14-13","wolfi",-124.017128066666,47
"584","SC14-13","wolfi",382.518410933334,47
"585","SC14-13","wolfi",618.905356933333,47
"586","SC14-13","wolfi",814.697165933334,47
"587","SC14-13","wolfi",-890.234604066667,47
"588","SC14-13","wolfi",303.138960933333,47
"589","SC14-13","wolfi",-548.497527066666,47
"590","SC14-13","wolfi",1298.03129193333,47
"591","SC14-13","wolfi",679.227482933333,47
"592","SC14-13","wolfi",-320.638983066667,47
"593","SC14-13","wolfi",-332.288587066666,47
"594","SC14-13","wolfi",-932.235043066667,47
"595","SC14-13","wolfi",-1082.21674306667,47
"596","SC14-13","eos",2493.02818913333,12
"597","SC14-13","eos",1323.55289913333,12
"598","SC14-14","wolfi",NA,47
"599","SC14-14","wolfi",NA,47
"600","SC14-14","wolfi",NA,47
"601","SC14-14","wolfi",NA,47
"602","SC14-14","wolfi",NA,47
"603","SC14-14","wolfi",NA,47
"604","SC14-14","wolfi",NA,47
"605","SC14-14","wolfi",NA,47
"606","SC14-14","wolfi",NA,47
"607","SC14-14","wolfi",NA,47
"608","SC14-14","wolfi",NA,47
"609","SC14-14","wolfi",NA,47
"610","SC14-14","wolfi",NA,47
"611","SC14-14","wolfi",NA,47
"612","SC14-14","wolfi",NA,47
"613","SC14-14","wolfi",NA,47
"614","SC14-14","wolfi",NA,47
"615","SC14-14","wolfi",NA,47
"616","SC14-14","wolfi",NA,47
"617","SC14-14","wolfi",NA,47
"618","GD14-01","planospira",-1679.26427073333,28
"619","GD14-01","planospira",-2552.42134273333,28
"620","GD14-01","planospira",-2086.78393573333,28
"621","GD14-01","planospira",-1991.77130773333,28
"622","GD14-01","planospira",-914.623943733333,28
"623","GD14-01","planospira",-1895.28037073333,28
"624","GD14-01","planospira",-1225.93312673333,28
"625","GD14-01","planospira",-1332.35436673333,28
"626","GD14-01","planospira",-192.255511733334,28
"627","GD14-01","planospira",-1477.89605373333,28
"628","GD14-01","planospira",-1932.37290173333,28
"629","GD14-01","planospira",-2335.02972273333,28
"630","GD14-01","planospira",-1465.26168373333,28
"631","GD14-01","planospira",-2019.87998773333,28
"632","GD14-01","planospira",-1586.38311273333,28
"633","GD14-01","planospira",-953.773108733334,28
"634","GD14-01","planospira",-2055.15201473333,28
"635","GD14-01","planospira",-1306.18440373333,28
"636","GD14-01","planospira",-2006.93181973333,28
"637","GD14-01","planospira",-1222.17201973333,28
"638","FL14-17","ustulatus pallescens",4230.59691876,45
"639","FL14-17","ustulatus pallescens",5002.72675676,45
"640","FL14-17","ustulatus pallescens",-1458.00036024,45
"641","FL14-17","ustulatus pallescens",2077.69360576,45
"642","FL14-17","ustulatus pallescens",5824.52927676,45
"643","FL14-17","ustulatus pallescens",2845.26196276,45
"644","FL14-17","ustulatus pallescens",10997.36580676,45
"645","FL14-17","ustulatus pallescens",1721.21956976,45
"646","FL14-17","ustulatus pallescens",2378.28834576,45
"647","FL14-17","ustulatus pallescens",-374.71416624,45
"648","FL14-17","ustulatus pallescens",5478.79226676,45
"649","FL14-17","ustulatus pallescens",5886.61604676,45
"650","FL14-17","ustulatus pallescens",1389.63134976,45
"651","FL14-17","ustulatus pallescens",393.70712476,45
"652","FL14-17","ustulatus pallescens",5841.86393676,45
"653","FL14-17","ustulatus pallescens",2286.49313576,45
"654","FL14-17","ustulatus pallescens",3885.17913876,45
"655","FL14-17","ustulatus pallescens",-1129.47635524,45
"656","FL14-17","ustulatus pallescens",3910.28129776,45
"657","FL14-17","ustulatus pallescens",7672.16413676,45
"658","FL14-17","ustulatus pallescens",1556.95027976,45
"659","FL14-17","ustulatus pallescens",2697.61982376,45
"660","FL14-17","ustulatus pallescens",1247.16822176,45
"661","FL14-17","ustulatus pallescens",2834.98151676,45
"662","FL14-17","ustulatus pallescens",-501.88191424,45
"663","FL14-17","ustulatus pallescens",2585.80729076,45
"664","FL14-17","ustulatus pallescens",809.10356776,45
"665","FL14-17","ustulatus pallescens",2827.65375076,45
"666","FL14-17","ustulatus pallescens",4760.26042876,45
"667","FL14-17","ustulatus pallescens",-788.16222424,45
"668","FL14-17","ustulatus pallescens",4883.72206176,45
"669","FL14-17","ustulatus pallescens",7208.88658676,45
"670","FL14-17","ustulatus pallescens",3436.14059676,45
"671","FL14-17","ustulatus pallescens",439.86492476,45
"672","FL14-17","ustulatus pallescens",7184.97947676,45
"673","FL14-17","ustulatus pallescens",2104.86513476,45
"674","FL14-17","ustulatus pallescens",-251.40111224,45
"675","FL14-17","ustulatus pallescens",1006.50711476,45
"676","FL14-17","ustulatus pallescens",859.60087576,45
"677","FL14-17","ustulatus pallescens",4161.53765776,45
"678","FL14-17","ustulatus phlegonis",840.290127666667,45
"679","FL14-17","ustulatus phlegonis",-889.581475333333,45
"680","FL14-17","ustulatus phlegonis",1842.27131166667,45
"681","FL14-17","ustulatus phlegonis",1501.01624766667,45
"682","FL14-17","ustulatus phlegonis",503.707221666667,45
"683","FL14-17","ustulatus phlegonis",2198.52061466667,45
"684","FL14-17","ustulatus phlegonis",-1000.79241333333,45
"685","FL14-17","ustulatus phlegonis",2205.48724766667,45
"686","FL14-17","ustulatus phlegonis",-21.1609923333331,45
"687","FL14-17","ustulatus phlegonis",918.396068666667,45
"688","FL14-17","ustulatus phlegonis",1041.74684666667,45
"689","FL14-17","ustulatus phlegonis",1972.07473666667,45
"690","FL14-17","ustulatus phlegonis",-517.700656333333,45
"691","FL14-17","ustulatus phlegonis",3660.98804966667,45
"692","FL14-17","ustulatus phlegonis",-1528.52937333333,45
"693","FL14-17","ustulatus phlegonis",-1107.93019233333,45
"694","FL14-17","ustulatus phlegonis",4034.19588866667,45
"695","FL14-17","ustulatus phlegonis",-230.099265333333,45
"696","FL14-17","ustulatus phlegonis",-154.657724333333,45
"697","FL14-17","ustulatus phlegonis",568.284922666667,45
"698","FL14-17","ustulatus phlegonis",-1034.15148933333,45
"699","FL14-17","ustulatus phlegonis",-1177.26885933333,45
"700","FL14-17","ustulatus phlegonis",229.350442666667,45
"701","FL14-17","ustulatus phlegonis",508.540348666667,45
"702","FL14-17","ustulatus phlegonis",-900.877284333333,45
"703","FL14-17","ustulatus phlegonis",-662.438701333333,45
"704","FL14-18","ustulatus mahogany",878.869751593333,45
"705","FL14-18","ustulatus mahogany",292.995593593333,45
"706","FL14-18","ustulatus mahogany",698.343347593333,45
"707","FL14-18","ustulatus mahogany",3062.07555759333,45
"708","FL14-18","ustulatus mahogany",614.140877593333,45
"709","FL14-18","ustulatus mahogany",1568.84833359333,45
"710","FL14-18","ustulatus mahogany",-133.781203406667,45
"711","FL14-18","ustulatus mahogany",-142.867374406667,45
"712","FL14-18","ustulatus mahogany",1141.23364859333,45
"713","FL14-18","ustulatus mahogany",2274.87758259333,45
"714","FL14-18","ustulatus mahogany",74.9706005933333,45
"715","FL14-18","ustulatus mahogany",233.544248593333,45
"716","FL14-18","ustulatus mahogany",823.389496593333,45
"717","FL14-18","ustulatus mahogany",1739.24693259333,45
"718","FL14-18","ustulatus mahogany",1122.12855459333,45
"719","FL14-18","ustulatus mahogany",2385.98288059333,45
"720","FL14-18","ustulatus mahogany",79.0238425933333,45
"721","FL14-18","ustulatus mahogany",838.466000593333,45
"722","FL14-10","nux",-95.5125994,20
"723","FL14-10","nux",-549.5661324,20
"724","FL14-10","nux",324.6839936,20
"725","FL14-10","nux",-776.0311574,20
"726","FL14-10","nux",-955.2193634,20
"727","FL14-10","nux",-269.1405484,20
"728","FL14-10","nux",-852.1452574,20
"729","PI12-20","sp nov Pinzon",3864.14756473333,38
"730","PI12-20","sp nov Pinzon",2862.76059473333,38
"731","PI12-20","sp nov Pinzon",-1766.65374126667,38
"732","PI12-20","sp nov Pinzon",-3375.99810326667,38
"733","PI12-20","sp nov Pinzon",-2895.23761726667,38
"734","PI12-20","sp nov Pinzon",-3878.22746326667,38
"735","PI12-20","sp nov Pinzon",-3748.97841626667,38
"736","PI12-20","sp nov Pinzon",-4249.74192926667,38
"737","PI12-20","sp nov Pinzon",-4722.39759326667,38
"738","PI12-20","sp nov Pinzon",-3877.35882926667,38
"739","PI12-20","sp nov Pinzon",-4277.53411726667,38
"740","PI12-20","sp nov Pinzon",3175.30439473333,38
"741","PI12-20","sp nov Pinzon",-2847.50907626667,38
"742","PI12-20","sp nov Pinzon",-1958.91484226667,38
"743","PI12-20","sp nov Pinzon",-3228.67946926667,38
"744","PI12-20","sp nov Pinzon",-3945.20463026667,38
"745","RA14-01","rabidensis",7624.7752706,29
"746","RA14-01","rabidensis",14041.1476906,29
"747","RA14-01","rabidensis",5299.8213706,29
"748","RA14-01","rabidensis",9517.4797206,29
"749","RA14-01","rabidensis",4889.0409906,29
"750","RA14-01","rabidensis",8746.0213706,29
"751","RA14-01","rabidensis",12745.9675606,29
"752","RA14-01","rabidensis",17888.3542006,29
"753","RA14-01","rabidensis",9366.9904506,29
"754","RA14-01","rabidensis",13517.2045106,29
"755","RA14-01","rabidensis",9756.5080206,29
"756","RA14-01","rabidensis",12894.8914506,29
"757","RA14-01","rabidensis",14524.8891706,29
"758","RA14-01","rabidensis",17918.4306206,29
"759","RA14-01","rabidensis",12508.8124806,29
"760","RA14-01","rabidensis",9270.8420206,29
"761","RA14-01","rabidensis",4856.0470906,29
"762","RA14-01","rabidensis",7587.2453106,29
"763","RA14-01","rabidensis",3985.1827306,29
"764","RA14-01","rabidensis",13036.6978606,29
"765","RA14-01","rabidensis",16456.0131206,29
"766","RA14-01","rabidensis",8093.9855706,29
"767","RA14-01","rabidensis",7846.9720906,29
"768","RA14-01","rabidensis",18409.1156607333,29
"769","RA14-01","rabidensis",7954.64249073333,29
"770","RA14-01","rabidensis",11161.8098507333,29
"771","RA14-01","rabidensis",5995.70984073333,29
"772","RA14-01","rabidensis",8639.42729073333,29
"773","PIcumbre","pinzonensis",-2073.6909976,26
"774","PIcumbre","pinzonensis",-57.8328216,26
"775","PIcumbre","pinzonensis",110.3460074,26
"776","PIcumbre","pinzonensis",-3917.9727223,26
"777","PIcumbre","pinzonensis",-1219.3312336,26
"778","PIcumbre","pinzonensis",-565.1984486,26
"779","PIcumbre","pinzonensis",-637.9025556,26
"780","PIcumbre","pinzonensis",-1227.9080276,26
"781","PIcumbre","pinzonensis",-2089.9933616,26
"782","PIcumbre","pinzonensis",-2377.7626826,26
"783","PIcliff","pinzonopsis",NA,27
"784","PIcliff","pinzonopsis",NA,27
"785","PIcliff","pinzonopsis",NA,27
"786","PIcliff","pinzonopsis",NA,27
"787","PIcliff","pinzonopsis",NA,27
"788","PIcliff","pinzonopsis",NA,27
"789","PIcliff","pinzonopsis",NA,27
"790","PIcliff","pinzonopsis",NA,27
"791","PIcliff","pinzonopsis",NA,27
"792","PIcliff","pinzonopsis",NA,27
"793","PIcliff","pinzonopsis",NA,27
"794","PIcliff","pinzonopsis",NA,27
"795","PIcliff","pinzonopsis",NA,27
"796","PIcliff","pinzonopsis",NA,27
"797","PI12-20","sp nov Pinzon",-3240.42967426667,38
"798","PI12-20","sp nov Pinzon",-2079.41670826667,38
"799","PI12-20","sp nov Pinzon",2369.71694473333,38
"800","PI12-20","sp nov Pinzon",1585.06437373333,38
"801","PI12-20","sp nov Pinzon",-3130.26283026667,38
"802","PI12-20","sp nov Pinzon",-2655.35724426667,38
"803","PI12-19","sp nov Pinzon",6821.99289473333,38
"804","SC15-01","tanneri",1705.30539295,42
"805","SC15LaCascada","wolfi",NA,47
"806","SC15LaCascada","wolfi",NA,47
"807","SC15LaCascada","wolfi",NA,47
"808","SC15LaCascada","wolfi",NA,47
"809","SC15LaCascada","wolfi",NA,47
"810","SC15LaCascada","wolfi",NA,47
"811","SC15LaCascada","wolfi",NA,47
"812","SC15LaCascada","wolfi",NA,47
"813","SC15LaCascada","wolfi",NA,47
"814","SC15LaCascada","wolfi",NA,47
"815","SC15LaCascada","wolfi",NA,47
"816","SC15LaCascada","wolfi",NA,47
"817","SC15LaCascada","wolfi",NA,47
"818","SC15LaCascada","wolfi",NA,47
"819","SC15LaCascada","wolfi",NA,47
"820","SC15LaCascada","wolfi",NA,47
"821","SC15LaCascada","wolfi",NA,47
"822","SC15LaCascada","wolfi",NA,47
"823","SC15LaCascada","wolfi",NA,47
"824","SC15LaCascada","wolfi",NA,47
"825","SC15LaCascada","wolfi",NA,47
"826","SC15LaCascada","wolfi",NA,47
"827","SC15LaCascada","wolfi",NA,47
"828","SC15LaCascada","wolfi",NA,47
"829","SC15LaCascada","wolfi",NA,47
"830","SC15LaCascada","wolfi",NA,47
"831","SC15LaCascada","wolfi",NA,47
"832","SC15LaCascada","wolfi",NA,47
"833","SC15-08","ochsneri",630.484202625,21
"834","SC15-08","ochsneri",-197.746139875,21
"835","SC15-08","ochsneri",548.028263625,21
"836","SC15-08","ochsneri",439.892734625,21
"837","SC15-08","ochsneri",356.471206625,21
"838","SC15-08","ochsneri",772.990473625,21
"839","SC15-08","ochsneri",491.909218625,21
"840","SC15-08","ochsneri",532.477960625,21
"841","SC15-08","ochsneri",833.013933625,21
"842","SC15-08","ochsneri",316.095903625,21
"843","SC15-08","ochsneri",102.440454625,21
"844","SC15-08","ochsneri",-10.8743213750001,21
"845","SC15-08","ochsneri",-208.043320975,21
"846","SC15-08","ochsneri",-92.812638375,21
"847","SC15-08","ochsneri",-383.395717575,21
"848","SC15-08","ochsneri",-255.956992775,21
"849","SC15-08","ochsneri",21.7180036249999,21
"850","SC15-08","ochsneri",-475.101308175,21
"851","SC15-08","ochsneri",-495.621643375,21
"852","SC15-08","ochsneri",258.619554625,21
"853","SC15-15","tanneri",621.948018749999,42
"854","SC15-15","tanneri",830.54348075,42
"855","SC15-15","tanneri",-344.95390225,42
"856","FA15-01","perrus 1",NA,24
"857","FA15-01","perrus 1",NA,24
"858","FA15-01","perrus 1",NA,24
"859","FA15-01","perrus 1",NA,24
"860","FA15-01","perrus 1",NA,24
"861","FA15-01","perrus 1",NA,24
"862","FA15-01","perrus 1",NA,24
"863","FA15-01","perrus 1",NA,24
"864","FA15-01","perrus 1",NA,24
"865","FA15-01","perrus 1",NA,24
"866","FA15-01","perrus 1",NA,24
"867","FA15-01","perrus 1",NA,24
"868","FA15-01","perrus 1",NA,24
"869","FA15-01","perrus 1",NA,24
"870","FA15-01","perrus 1",NA,24
"871","FA15-01","perrus 1",NA,24
"872","FA15-01","perrus 1",NA,24
"873","FA15-01","perrus 1",NA,24
"874","FA15-01","perrus 1",NA,24
"875","FA15-01","perrus 1",NA,24
"876","FA15-01","perrus 1",NA,24
"877","FA15-01","perrus 1",NA,24
"878","FA15-04","perrus 1",NA,24
"879","FA15-04","perrus 1",NA,24
"880","FA15-04","perrus 1",NA,24
"881","FA15-04","perrus 1",NA,24
"882","FA15-04","perrus 1",NA,24
"883","FA15-04","perrus 1",NA,24
"884","FA15-02","perrus 1",NA,24
"885","FA15-02","perrus 1",NA,24
"886","FA15-02","perrus 1",NA,24
"887","FA15-02","perrus 1",NA,24
"888","FA15-02","perrus 1",NA,24
"889","FA15-02","perrus 1",NA,24
"890","FA15-02","perrus 1",NA,24
"891","FA15-05","perrus 1",NA,24
"892","FA15-05","perrus 1",NA,24
"893","FA15-05","perrus 1",NA,24
"894","FA15-05","perrus 1",NA,24
"895","FA15-05","perrus 1",NA,24
"896","FA15-05","perrus 1",NA,24
"897","FA15-06","perrus 1",NA,24
"898","FA15-06","perrus 1",NA,24
"899","FA15-06","perrus 1",NA,24
"900","FA15-06","perrus 1",NA,24
"901","FA15-06","perrus 1",NA,24
"902","FA15-06","perrus 1",NA,24
"903","FA15-06","perrus 1",NA,24
"904","FA15-06","perrus 1",NA,24
"905","FA15-06","perrus 1",NA,24
"906","FA15-06","perrus 1",NA,24
"907","FA15-06","perrus 1",NA,24
"908","FA15-06","perrus 1",NA,24
"909","FA15-06","perrus 1",NA,24
"910","FA15-06","perrus 1",NA,24
"911","FA15-06","perrus 1",NA,24
"912","FA15-06","perrus 1",NA,24
"913","FA15-06","perrus 1",NA,24
"914","FA15-06","perrus 1",NA,24
"915","FA15-06","perrus 1",NA,24
"916","FA15-06","perrus 1",NA,24
"917","DA15-02","pallidus",NA,23
"918","DA15-02","pallidus",NA,23
"919","DA15-02","pallidus",NA,23
"920","DA15-02","pallidus",NA,23
"921","DA15-02","pallidus",NA,23
"922","DA15-02","pallidus",NA,23
"923","DA15-02","pallidus",NA,23
"924","DA15-02","pallidus",NA,23
"925","DA15-02","pallidus",NA,23
"926","DA15-02","pallidus",NA,23
"927","DA15-02","pallidus",NA,23
"928","DA15-02","pallidus",NA,23
"929","DA15-02","pallidus",NA,23
"930","DA15-02","pallidus",NA,23
"931","DA15-02","pallidus",NA,23
"932","DA15-02","pallidus",NA,23
"933","DA15-02","pallidus",NA,23
"934","DA15-02","pallidus",NA,23
"935","DA15-02","pallidus",NA,23
"936","SN15-01","albermarlensis",9929.21046115,2
"937","SN15-01","albermarlensis",8067.55804115,2
"938","SN15-01","albermarlensis",9151.61678115,2
"939","SN15-01","albermarlensis",6607.86148515,2
"940","SN15-01","albermarlensis",8456.62826115,2
"941","SN15-01","albermarlensis",3063.75569115,2
"942","SN15-01","albermarlensis",5770.81270515,2
"943","SN15-01","albermarlensis",4105.68688615,2
"944","SN15-01","albermarlensis",6265.34720615,2
"945","SN15-01","albermarlensis",6121.78604415,2
"946","SN15-01","albermarlensis",5305.77678215,2
"947","SN15-01","albermarlensis",3510.59807115,2
"948","SN15-01","albermarlensis",6596.06457615,2
"949","SN15-01","albermarlensis",7122.03960115,2
"950","SN15-01","albermarlensis",7691.29990115,2
"951","SN15-01","albermarlensis",3215.37134315,2
"952","SN15-01","albermarlensis",6384.23537115,2
"953","SN15-01","albermarlensis",7394.32239115,2
"954","SN15-01","albermarlensis",8103.68457115,2
"955","SN15-01","albermarlensis",4531.52029815,2
"956","SN15-01","albermarlensis",3827.65072215,2
"957","SN15-01","albermarlensis",7004.92880515,2
"958","SN15-01","albermarlensis",5280.78627515,2
"959","SN15-02","albermarlensis",6356.90010515,2
"960","SN15-02","albermarlensis",4514.89914415,2
"961","SN15-02","albermarlensis",8603.22530115,2
"962","SN15-02","albermarlensis",6488.07492015,2
"963","SN15-02","albermarlensis",10007.83951115,2
"964","SN15-02","albermarlensis",4858.41647615,2
"965","SN15-02","albermarlensis",9755.62271115,2
"966","SN15-02","albermarlensis",11644.31498115,2
"967","SN15-02","albermarlensis",5381.30629415,2
"968","SN15-02","albermarlensis",14247.07373115,2
"969","SN15-02","albermarlensis",9292.07932115,2
"970","SN15-02","albermarlensis",8131.78778115,2
"971","SN15-02","albermarlensis",5071.48925615,2
"972","SN15-02","albermarlensis",10138.61236115,2
"973","SN15-02","albermarlensis",10063.66053115,2
"974","SN15-02","albermarlensis",8727.50477115,2
"975","SN15-02","albermarlensis",6799.73214015,2
"976","SN15-02","albermarlensis",8889.84467115,2
"977","SN15-02","albermarlensis",6696.12288915,2
"978","SN15-02","albermarlensis",10658.21932115,2
"979","SN15-03","tortuganus",-1276.68154155,43
"980","SN15-03","tortuganus",-111.23772355,43
"981","SN15-03","tortuganus",673.47921645,43
"982","SN15-03","tortuganus",-1361.03418655,43
"983","SN15-03","tortuganus",404.525699450001,43
"984","SN15-03","tortuganus",-166.260619549999,43
"985","SN15-03","tortuganus",1643.66535745,43
"986","SN15-03","tortuganus",5890.90022445,43
"987","SN15-03","tortuganus",3408.00690445,43
"988","SN15-03","tortuganus",824.56046445,43
"989","SN15-03","tortuganus",-1966.57170655,43
"990","SN15-03","tortuganus",-2026.64427755,43
"991","SN15-03","tortuganus",-1010.45972955,43
"992","SN15-03","tortuganus",844.812599450001,43
"993","SN15-03","tortuganus",873.33388945,43
"994","SN15-03","tortuganus",910.55527145,43
"995","SN15-03","tortuganus",-1104.71183655,43
"996","SN15-03","tortuganus",4102.20797445,43
"997","SN15-03","tortuganus",80.5864044500004,43
"998","SN15-03","tortuganus",-1047.12513955,43
"999","SC14-15","eos",NA,12
"1000","FL15-01","ustulatus phlegonis",4203.834073975,45
"1001","FL15-01","ustulatus phlegonis",3343.836387975,45
"1002","FL15-01","ustulatus phlegonis",4234.970827975,45
"1003","FL15-01","ustulatus phlegonis",4390.037202975,45
"1004","FL15-01","ustulatus phlegonis",4014.873895975,45
"1005","SA16-08","darwini",NA,11
"1006","SA16-08","darwini",NA,11
"1007","SA16-08","darwini",NA,11
"1008","SA16-08","darwini",NA,11
"1009","SA16-08","darwini",NA,11
"1010","SA16-08","darwini",NA,11
"1011","SA16-08","darwini",NA,11
"1012","SA16-08","darwini",NA,11
"1013","SA16-09","darwini",NA,11
"1014","SA16-09","darwini",NA,11
"1015","SA16-09","darwini",NA,11
"1016","SA16-09","darwini",NA,11
"1017","SA16-09","darwini",NA,11
"1018","SA16-09","darwini",NA,11
"1019","SA16-09","darwini",NA,11
"1020","SA16-09","darwini",NA,11
"1021","SA16-09","darwini",NA,11
"1022","SA16-09","darwini",NA,11
"1023","SA16-09","darwini",NA,11
"1024","SA16-03","olla",NA,22
"1025","SA16-03","olla",NA,22
"1026","SA16-03","olla",NA,22
"1027","SA16-03","olla",NA,22
"1028","SA16-05","rugiferus",NA,31
"1029","SA16-05","rugiferus",NA,31
"1030","SA16-05","rugiferus",NA,31
"1031","SA16-05","rugiferus",NA,31
"1032","SA16-05","rugiferus",NA,31
"1033","SA16-05","rugiferus",NA,31
"1034","SA16-05","rugiferus",NA,31
"1035","SA16-05","rugiferus",NA,31
"1036","SA16-05","rugiferus",NA,31
"1037","SA16-05","rugiferus",NA,31
"1038","SA16-05","rugiferus",NA,31
"1039","SA16-05","rugiferus",NA,31
"1040","SA16-05","rugiferus",NA,31
"1041","SA16-05","rugiferus",NA,31
"1042","SA16-05","rugiferus",NA,31
"1043","SA16-05","rugiferus",NA,31
"1044","SA16-05","rugiferus",NA,31
"1045","SA16-05","rugiferus",NA,31
"1046","SA16-05","rugiferus",NA,31
"1047","SA16-05","rugiferus",NA,31
"1048","SA16-05","rugiferus",NA,31
"1049","SA16-06","darwini",NA,11
"1050","SA16-06","darwini",NA,11
"1051","SA16-06","darwini",NA,11
"1052","SA16-06","darwini",NA,11
"1053","SA16-06","darwini",NA,11
"1054","SA16-06","darwini",NA,11
"1055","SA16-06","darwini",NA,11
"1056","SA16-06","darwini",NA,11
"1057","SA16-06","darwini",NA,11
"1058","SA16-06","darwini",NA,11
"1059","SA16-06","darwini",NA,11
"1060","SA16-06","olla",NA,22
"1061","SA16-07","darwini",NA,11
"1062","SA16-07","darwini",NA,11
"1063","SA16-11","sculpturatus",NA,33
"1064","SA16-11","sculpturatus",NA,33
"1065","SA16-12","sculpturatus",NA,33
"1066","SA16-12","sculpturatus",NA,33
"1067","SA16-12","sculpturatus",NA,33
"1068","SA16-12","sculpturatus",NA,33
"1069","SA16-12","sculpturatus",NA,33
"1070","SA16-12","sculpturatus",NA,33
"1071","SA16-12","sculpturatus",NA,33
"1072","SA16-12","sculpturatus",NA,33
"1073","SA16-12","sculpturatus",NA,33
"1074","SA16-12","sculpturatus",NA,33
"1075","SA16-12","sculpturatus",NA,33
"1076","SA16-12","sculpturatus",NA,33
"1077","SA16-12","sculpturatus",NA,33
"1078","SA16-12","sculpturatus",NA,33
"1079","SA16-12","sculpturatus",NA,33
"1080","SA16-12","sculpturatus",NA,33
"1081","SA16-12","sculpturatus",NA,33
"1082","SA16-12","sculpturatus",NA,33
