"specID","location","surface","brightness","mean_brightness_background","mismatch"
"01spec00","SL14-01","Rock",1634.963569,1169.83662913333,465.126939866667
"01spec01","SL14-01","Rock",487.3284303,1169.83662913333,-682.508198833333
"01spec02","SL14-01","Rock",2673.392933,1169.83662913333,1503.55630386667
"01spec03","SL14-01","Rock",2533.397955,1169.83662913333,1363.56132586667
"01spec04","SL14-01","Rock",1049.571759,1169.83662913333,-120.264870133333
"01spec05","SL14-01","Rock",645.7658213,1169.83662913333,-524.070807833333
"01spec06","SL14-01","Rock",1502.784845,1169.83662913333,332.948215866666
"01spec07","SL14-01","Rock",495.888557,1169.83662913333,-673.948072133333
"01spec08","SL14-01","Rock",1376.769721,1169.83662913333,206.933091866666
"01spec09","SL14-01","Rock",903.066382,1169.83662913333,-266.770247133333
"01spec10","SL14-01","Rock",754.9923968,1169.83662913333,-414.844232333333
"01spec11","SL14-01","Rock",1062.00077,1169.83662913333,-107.835859133333
"01spec12","SL14-01","Rock",892.0306772,1169.83662913333,-277.805951933333
"01spec13","SL14-01","Rock",501.397518,1169.83662913333,-668.439111133333
"01spec14","SL14-01","Rock",1073.058423,1169.83662913333,-96.7782061333335
"01spec15","SL14-01","Rock",2380.814137,1169.83662913333,1210.97750786667
"01spec16","SL14-01","Rock",512.9343057,1169.83662913333,-656.902323433333
"01spec17","SL14-01","Rock",656.9541498,1169.83662913333,-512.882479333333
"01spec18","SL14-01","Rock",2123.190582,1169.83662913333,953.353952866667
"01spec19","SL14-01","Rock",732.5291782,1169.83662913333,-437.307450933333
"01spec20","SL14-01","Rock",999.301615,1169.83662913333,-170.535014133333
"01spec21","SL14-01","Rock",1561.978827,1169.83662913333,392.142197866666
"01spec22","SL14-01","Rock",1458.490619,1169.83662913333,288.653989866667
"01spec33","SL14-02","LeafLitter",2122.264866,2511.345411212,-389.080545212
"01spec34","SL14-02","Log",2387.041473,1857.47955667,529.56191633
"01spec35","SL14-02","Log",3204.334753,1857.47955667,1346.85519633
"01spec36","SL14-02","Log",2174.481017,1857.47955667,317.00146033
"01spec37","SL14-02","Log",3239.371392,1857.47955667,1381.89183533
"01spec38","SL14-02","Log",2739.718871,1857.47955667,882.23931433
"01spec39","SL14-02","Log",2131.367599,1857.47955667,273.88804233
"01spec40","SL14-02","Log",2430.516305,1857.47955667,573.03674833
"01spec41","SL14-02","Rock",2147.082059,3152.95254283333,-1005.87048383333
"01spec42","SL14-02","Rock",2450.956041,3152.95254283333,-701.996501833333
"01spec43","SL14-02","Rock",2875.907598,3152.95254283333,-277.044944833333
"01spec44","SL14-02","Rock",1885.433837,3152.95254283333,-1267.51870583333
"01spec45","SL14-02","Rock",708.6663377,3152.95254283333,-2444.28620513333
"01spec46","SL14-02","Rock",528.9217213,3152.95254283333,-2624.03082153333
"01spec47","SL14-02","Rock",939.037806,3152.95254283333,-2213.91473683333
"01spec48","SL14-02","Rock",678.9562465,3152.95254283333,-2473.99629633333
"01spec49","SL14-02","Rock",961.5227246,3152.95254283333,-2191.42981823333
"01spec50","SL14-02","Rock",370.0449868,3152.95254283333,-2782.90755603333
"01spec51","SL14-02","Rock",747.6769527,3152.95254283333,-2405.27559013333
"01spec52","SL14-02","Rock",1495.485778,3152.95254283333,-1657.46676483333
"01spec53","SL14-02","Rock",724.9278732,3152.95254283333,-2428.02466963333
"01spec54","SL14-02","Rock",1731.856535,3152.95254283333,-1421.09600783333
"01spec55","SL14-02","Rock",1367.123291,3152.95254283333,-1785.82925183333
"01spec56","SL14-02","Rock",1419.68346,3152.95254283333,-1733.26908283333
"01spec57","SL14-02","Rock",883.5147543,3152.95254283333,-2269.43778853333
"01spec58","SL14-02","Rock",1038.115075,3152.95254283333,-2114.83746783333
"01spec59","SL14-02","Rock",1104.699801,3152.95254283333,-2048.25274183333
"01spec60","SL14-02","Rock",406.8151525,3152.95254283333,-2746.13739033333
"01spec61","SL14-02","Rock",1381.957226,3152.95254283333,-1770.99531683333
"01spec62","SL14-02","Rock",482.309512,3152.95254283333,-2670.64303083333
"01spec63","SL14-02","Rock",446.3317762,3152.95254283333,-2706.62076663333
"01spec64","SL14-02","Rock",382.9259038,3152.95254283333,-2770.02663903333
"01spec65","SL14-02","Rock",1074.737518,3152.95254283333,-2078.21502483333
"01spec66","SL14-02","Rock",747.3320928,3152.95254283333,-2405.62045003333
"01spec67","SL14-02","Rock",834.688826,3152.95254283333,-2318.26371683333
"01spec68","SL14-02","LeafLitter",2672.076093,2511.345411212,160.730681788
"01spec69","SL14-02","LeafLitter",1231.688013,2511.345411212,-1279.657398212
"01spec70","SL14-02","LeafLitter",952.1752121,2511.345411212,-1559.170199112
"01spec71","SL14-02","LeafLitter",896.9450948,2511.345411212,-1614.400316412
"01spec72","SL14-02","LeafLitter",646.3612867,2511.345411212,-1864.984124512
"01spec73","SL14-02","LeafLitter",657.006714,2511.345411212,-1854.338697212
"01spec74","SL14-02","LeafLitter",1355.032759,2511.345411212,-1156.312652212
"01spec75","SL14-02","LeafLitter",1586.483077,2511.345411212,-924.862334212
"01spec76","SL14-02","LeafLitter",850.4730612,2511.345411212,-1660.872350012
"01spec77","SL14-02","Stick",1716.740883,7339.1946976,-5622.4538146
"01spec78","SL14-02","Stick",1429.082451,7339.1946976,-5910.1122466
"03spec06","SL14-03","BaseFern",569.0086615,NA,NA
"03spec07","SL14-03","BaseFern",1618.686246,NA,NA
"03spec15","SL14-03","BaseFern",837.9071771,NA,NA
"03spec16","SL14-03","BaseFern",1075.384729,NA,NA
"03spec17","SL14-03","BaseFern",1046.087433,NA,NA
"03spec18","SL14-03","Soil",1283.135131,1371.6001136,-88.4649826
"03spec19","SL14-03","Soil",1913.380125,1371.6001136,541.7800114
"03spec20","SL14-03","Soil",1686.491933,1371.6001136,314.8918194
"03spec21","SL14-03","Soil",1477.998744,1371.6001136,106.3986304
"03spec22","SL14-03","Soil",844.2300766,1371.6001136,-527.370037
"03spec23","SL14-03","BaseFern",1250.941073,NA,NA
"03spec24","SL14-03","BaseFern",1933.565064,NA,NA
"03spec44","SL14-03","LeafLitter",584.4435208,2605.4596915,-2021.0161707
"03spec45","SL14-03","LeafLitter",1308.645229,2605.4596915,-1296.8144625
"03spec46","SL14-03","LeafLitter",1517.392002,2605.4596915,-1088.0676895
"03spec47","SL14-03","LeafLitter",789.2844777,2605.4596915,-1816.1752138
"03spec48","SL14-03","LeafLitter",2531.423363,2605.4596915,-74.0363285000003
"03spec49","SL14-03","LeafLitter",3460.104725,2605.4596915,854.6450335
"03spec50","SL14-03","LeafLitter",2229.012157,2605.4596915,-376.4475345
"03spec51","SL14-03","LeafLitter",2505.396369,2605.4596915,-100.0633225
"03spec52","SL14-03","LeafLitter",1857.824569,2605.4596915,-747.6351225
"03spec53","SL14-03","LeafLitter",1742.375151,2605.4596915,-863.0845405
"03spec54","SL14-03","LeafLitter",2391.214211,2605.4596915,-214.2454805
"03spec76","SL14-04","Log",2774.850835,3102.59902190909,-327.748186909091
"03spec77","SL14-04","Log",3142.016591,3102.59902190909,39.4175690909092
"03spec78","SL14-04","Log",3173.234791,3102.59902190909,70.635769090909
"03spec79","SL14-04","Log",3008.616595,3102.59902190909,-93.9824269090909
"03spec80","SL14-04","Log",3370.81266,3102.59902190909,268.213638090909
"03spec81","SL14-04","Log",3740.217374,3102.59902190909,637.618352090909
"03spec82","SL14-04","Log",2377.836898,3102.59902190909,-724.762123909091
"03spec83","SL14-04","Log",2552.946393,3102.59902190909,-549.652628909091
"03spec84","SL14-04","Log",4230.950159,3102.59902190909,1128.35113709091
"03spec85","SL14-04","Log",2352.627542,3102.59902190909,-749.971479909091
"03spec86","SL14-04","Log",3297.034534,3102.59902190909,194.435512090909
"03spec87","SL14-04","Log",2868.35735,3102.59902190909,-234.241671909091
"03spec88","SL14-04","Log",2758.511455,3102.59902190909,-344.087566909091
"03spec89","SL14-04","Log",3129.282004,3102.59902190909,26.6829820909093
"03spec90","SL14-04","Log",2728.915094,3102.59902190909,-373.683927909091
"03spec91","SL14-04","Log",3538.440222,3102.59902190909,435.841200090909
"04spec27","SL14-06","Rock",3091.028004,3456.28321082353,-365.25520682353
"04spec28","SL14-06","Rock",981.9413222,3456.28321082353,-2474.34188862353
"04spec29","SL14-06","Rock",1736.150672,3456.28321082353,-1720.13253882353
"04spec30","SL14-06","Rock",1771.033648,3456.28321082353,-1685.24956282353
"04spec31","SL14-06","Rock",3211.392679,3456.28321082353,-244.890531823529
"04spec32","SL14-06","Rock",1992.41944,3456.28321082353,-1463.86377082353
"04spec33","SL14-06","Rock",2753.346278,3456.28321082353,-702.936932823529
"04spec34","SL14-06","Rock",2073.331831,3456.28321082353,-1382.95137982353
"04spec35","SL14-06","Rock",2349.897674,3456.28321082353,-1106.38553682353
"04spec36","SL14-06","Rock",2134.370773,3456.28321082353,-1321.91243782353
"04spec37","SL14-06","Rock",2194.404936,3456.28321082353,-1261.87827482353
"04spec38","SL14-06","Rock",1836.567899,3456.28321082353,-1619.71531182353
"04spec39","SL14-06","Rock",2076.053512,3456.28321082353,-1380.22969882353
"04spec40","SL14-06","Rock",2201.114636,3456.28321082353,-1255.16857482353
"04spec41","SL14-06","Rock",1958.431975,3456.28321082353,-1497.85123582353
"04spec42","SL14-06","Rock",2906.696025,3456.28321082353,-549.587185823529
"04spec43","SL14-06","Rock",3567.452435,3456.28321082353,111.169224176471
"04spec44","SL14-06","Rock",1420.492776,3456.28321082353,-2035.79043482353
"04spec45","SL14-06","Rock",1785.123695,3456.28321082353,-1671.15951582353
"04spec46","SL14-06","Rock",2270.980768,3456.28321082353,-1185.30244282353
"04spec47","SL14-06","Rock",1847.754374,3456.28321082353,-1608.52883682353
"04spec48","SL14-06","Rock",2121.780428,3456.28321082353,-1334.50278282353
"04spec49","SL14-06","Rock",2386.029534,3456.28321082353,-1070.25367682353
"04spec50","SL14-06","Rock",2212.432412,3456.28321082353,-1243.85079882353
"04spec51","SL14-06","Rock",2036.55,3456.28321082353,-1419.73321082353
"04spec52","SL14-06","Rock",1656.147944,3456.28321082353,-1800.13526682353
"04spec53","SL14-06","Rock",1736.555989,3456.28321082353,-1719.72722182353
"04spec54","SL14-06","Rock",2190.52833,3456.28321082353,-1265.75488082353
"04spec55","SL14-06","Rock",1700.64749,3456.28321082353,-1755.63572082353
"04spec56","SL14-06","Rock",1823.3158,3456.28321082353,-1632.96741082353
"04spec57","SL14-06","Rock",1563.977017,3456.28321082353,-1892.30619382353
"04spec58","SL14-06","Rock",2170.722331,3456.28321082353,-1285.56087982353
"04spec59","SL14-06","Rock",2520.186608,3456.28321082353,-936.096602823529
"04spec60","SL14-06","Rock",2312.992786,3456.28321082353,-1143.29042482353
"04spec61","SL14-06","TrunkLichen",2620.528193,NA,NA
"04spec62","SL14-06","TrunkLichen",2496.60859,NA,NA
"04spec63","SL14-06","TrunkLichen",2522.090697,NA,NA
"04spec64","SL14-06","TrunkLichen",3043.833439,NA,NA
"04spec65","SL14-06","TrunkLichen",2244.484864,NA,NA
"04spec66","SL14-06","TrunkLichen",2812.801669,NA,NA
"05spec15","SL14-06","Rock",2452.830644,3456.28321082353,-1003.45256682353
"05spec16","SL14-06","Rock",2263.191226,3456.28321082353,-1193.09198482353
"05spec17","SL14-06","Rock",2829.682373,3456.28321082353,-626.600837823529
"05spec18","SL14-06","Rock",2495.531604,3456.28321082353,-960.75160682353
"05spec19","SL14-06","Rock",2251.153032,3456.28321082353,-1205.13017882353
"05spec20","SL14-06","LeafLitter",2191.078531,4483.3993206,-2292.3207896
"05spec21","SL14-06","LeafLitter",2777.67492,4483.3993206,-1705.7244006
"05spec22","SL14-06","LeafLitter",3704.503067,4483.3993206,-778.8962536
"05spec23","SL14-06","LeafLitter",3942.715435,4483.3993206,-540.6838856
"05spec24","SL14-06","LeafLitter",2474.282977,4483.3993206,-2009.1163436
"05spec25","SL14-06","LeafLitter",2312.384193,4483.3993206,-2171.0151276
"05spec26","SL14-06","LeafLitter",3030.891691,4483.3993206,-1452.5076296
"05spec27","SL14-06","LeafLitter",2573.490502,4483.3993206,-1909.9088186
"05spec28","SL14-06","LeafLitter",2727.807039,4483.3993206,-1755.5922816
"05spec29","SL14-06","LeafLitter",3043.233885,4483.3993206,-1440.1654356
"05spec30","SL14-06","LeafLitter",2513.373872,4483.3993206,-1970.0254486
"05spec31","SL14-06","LeafLitter",2926.997303,4483.3993206,-1556.4020176
"05spec32","SL14-06","LeafLitter",4106.001689,4483.3993206,-377.397631600001
"05spec33","SL14-06","LeafLitter",2902.847517,4483.3993206,-1580.5518036
"05spec34","SL14-06","LeafLitter",3150.786174,4483.3993206,-1332.6131466
"05spec35","SL14-06","LeafLitter",3410.654057,4483.3993206,-1072.7452636
"05spec36","SL14-06","LeafLitter",2631.200312,4483.3993206,-1852.1990086
"05spec37","SL14-06","Rock",2665.289264,3456.28321082353,-790.993946823529
"05spec38","SL14-06","Rock",3112.34308,3456.28321082353,-343.940130823529
"05spec43","SL14-06","Rock",8529.812023,3456.28321082353,5073.52881217647
"05spec44","SL14-07","LeafLitter",2914.698354,4483.3993206,-1568.7009666
"05spec45","SL14-07","LeafLitter",1434.446317,4483.3993206,-3048.9530036
"05spec47","SL14-07","LeafLitter",2384.628607,4483.3993206,-2098.7707136
"05spec48","SL14-07","LeafLitter",1045.178075,4483.3993206,-3438.2212456
"05spec49","SL14-07","LeafLitter",1243.870506,4483.3993206,-3239.5288146
"05spec50","SL14-07","LeafLitter",675.9317795,4483.3993206,-3807.4675411
"05spec51","SL14-07","LeafLitter",1436.025202,4483.3993206,-3047.3741186
"05spec52","SL14-07","LeafLitter",1619.632895,4483.3993206,-2863.7664256
"05spec53","SL14-07","LeafLitter",2478.24517,4483.3993206,-2005.1541506
"05spec54","SL14-07","LeafLitter",2461.091484,4483.3993206,-2022.3078366
"05spec55","SL14-07","LeafLitter",2368.44635,4483.3993206,-2114.9529706
"05spec56","SL14-07","LeafLitter",2856.512833,4483.3993206,-1626.8864876
"05spec57","SL14-07","LeafLitter",2547.455063,4483.3993206,-1935.9442576
"05spec58","SL14-07","LeafLitter",4699.496508,4483.3993206,216.0971874
"05spec59","SL14-07","LeafLitter",3673.617472,4483.3993206,-809.781848600001
"05spec60","SL14-07","LeafLitter",1983.662305,4483.3993206,-2499.7370156
"05spec61","SL14-07","LeafLitter",1564.93603,4483.3993206,-2918.4632906
"05spec62","SL14-07","LeafLitter",2258.518378,4483.3993206,-2224.8809426
"05spec63","SL14-07","LeafLitter",2622.714294,4483.3993206,-1860.6850266
"05spec64","SL14-07","LeafLitter",2067.717154,4483.3993206,-2415.6821666
"05spec65","SL14-07","LeafLitter",1824.658221,4483.3993206,-2658.7410996
"05spec66","SL14-07","LeafLitter",4752.397861,4483.3993206,268.9985404
"05spec67","SL14-07","LeafLitter",1981.468467,4483.3993206,-2501.9308536
"05spec68","SL14-07","LeafLitter",2856.484548,4483.3993206,-1626.9147726
"05spec69","SL14-07","LeafLitter",1958.413556,4483.3993206,-2524.9857646
"05spec70","SL14-07","LeafLitter",3109.856625,4483.3993206,-1373.5426956
"05spec71","SL14-07","LeafLitter",1505.972216,4483.3993206,-2977.4271046
"05spec72","SL14-07","LeafLitter",2160.590063,4483.3993206,-2322.8092576
"05spec73","SC14-01","Rock",3395.890479,5232.39320813333,-1836.50272913333
"05spec74","SC14-01","Rock",2818.536302,5232.39320813333,-2413.85690613333
"05spec75","SC14-01","Rock",4124.605971,5232.39320813333,-1107.78723713333
"05spec76","SC14-01","Rock",4160.595243,5232.39320813333,-1071.79796513333
"05spec77","SC14-01","Rock",3757.096588,5232.39320813333,-1475.29662013333
"05spec78","SC14-01","Rock",4681.024188,5232.39320813333,-551.369020133333
"05spec79","SC14-01","Rock",5146.016873,5232.39320813333,-86.3763351333337
"05spec80","SC14-01","Rock",4292.179759,5232.39320813333,-940.213449133334
"05spec81","SC14-01","Rock",5102.689541,5232.39320813333,-129.703667133334
"05spec82","SC14-01","Rock",4338.320314,5232.39320813333,-894.072894133334
"05spec83","SC14-01","Rock",4850.260035,5232.39320813333,-382.133173133333
"05spec84","SC14-01","Rock",4148.450801,5232.39320813333,-1083.94240713333
"05spec85","SC14-01","Rock",3449.138684,5232.39320813333,-1783.25452413333
"05spec86","SC14-01","Rock",3609.04897,5232.39320813333,-1623.34423813333
"05spec87","SC14-01","Rock",4566.418572,5232.39320813333,-665.974636133334
"05spec88","SC14-01","Rock",3293.260835,5232.39320813333,-1939.13237313333
"05spec89","SC14-01","Rock",3682.047778,5232.39320813333,-1550.34543013333
"05spec90","SC14-01","Rock",5012.079549,5232.39320813333,-220.313659133333
"05spec91","SC14-01","Rock",4666.010992,5232.39320813333,-566.382216133333
"05spec92","SC14-01","Rock",3740.578758,5232.39320813333,-1491.81445013333
"05spec93","SC14-01","Rock",4336.104545,5232.39320813333,-896.288663133333
"05spec94","SC14-01","Rock",7641.740843,5232.39320813333,2409.34763486667
"05spec95","SC14-01","Log",4711.910911,3327.941538625,1383.969372375
"05spec96","SC14-01","Log",3584.131442,3327.941538625,256.189903375
"05spec97","SC14-01","Log",4587.747115,3327.941538625,1259.805576375
"05spec98","SC14-01","Log",2344.370929,3327.941538625,-983.570609625
"05spec99","SC14-01","Log",2428.819162,3327.941538625,-899.122376625
"06spec00","SC14-01","Log",2966.726119,3327.941538625,-361.215419625
"06spec01","SC14-01","Log",3986.123386,3327.941538625,658.181847375
"06spec02","SC14-01","Log",3863.803108,3327.941538625,535.861569375
"06spec03","SC14-01","Log",2651.445416,3327.941538625,-676.496122625
"06spec04","SC14-01","Log",4668.193436,3327.941538625,1340.251897375
"06spec05","SC14-01","Log",3769.805366,3327.941538625,441.863827375
"06spec06","SC14-01","Log",2956.98742,3327.941538625,-370.954118625
"06spec07","SC14-01","Log",4165.607639,3327.941538625,837.666100375
"06spec08","SC14-01","Log",2886.035177,3327.941538625,-441.906361625
"06spec09","SC14-01","Log",2295.457214,3327.941538625,-1032.484324625
"06spec10","SC14-01","Log",2652.236196,3327.941538625,-675.705342625
"06spec11","SC14-01","Log",2648.715345,3327.941538625,-679.226193625
"06spec12","SC14-01","Log",3790.427564,3327.941538625,462.486025375
"06spec13","SC14-01","Log",2887.548696,3327.941538625,-440.392842625
"06spec14","SC14-01","Log",3256.128726,3327.941538625,-71.8128126249999
"06spec15","SC14-01","Log",3028.260293,3327.941538625,-299.681245625
"06spec16","SC14-01","Log",3027.342193,3327.941538625,-300.599345625
"06spec17","SC14-01","Log",3532.596576,3327.941538625,204.655037375
"06spec18","SC14-01","Log",2644.982038,3327.941538625,-682.959500625
"06spec19","SC14-01","Log",3181.249411,3327.941538625,-146.692127625
"06spec51","SC14-02","GreenLeaf",5964.180048,2856.76813886667,3107.41190913333
"06spec52","SC14-02","GreenLeaf",5514.655197,2856.76813886667,2657.88705813333
"06spec53","SC14-02","GreenLeaf",6481.530311,2856.76813886667,3624.76217213333
"06spec54","SC14-02","GreenLeaf",9178.950907,2856.76813886667,6322.18276813333
"06spec55","SC14-02","GreenLeaf",9491.281339,2856.76813886667,6634.51320013333
"06spec56","SC14-02","GreenLeaf",8918.979541,2856.76813886667,6062.21140213333
"06spec57","SC14-02","GreenLeaf",6077.632569,2856.76813886667,3220.86443013333
"06spec58","SC14-02","GreenLeaf",7624.744739,2856.76813886667,4767.97660013333
"06spec59","SC14-02","GreenLeaf",9543.925293,2856.76813886667,6687.15715413333
"06spec60","SC14-02","GreenLeaf",5269.529636,2856.76813886667,2412.76149713333
"06spec76","SC14-02","LeafLitter",8643.431637,5252.37420054546,3391.05743645454
"06spec77","SC14-02","LeafLitter",4016.044343,5252.37420054546,-1236.32985754546
"06spec78","SC14-02","LeafLitter",3483.076256,5252.37420054546,-1769.29794454546
"06spec79","SC14-02","LeafLitter",3087.415233,5252.37420054546,-2164.95896754545
"06spec80","SC14-02","LeafLitter",3550.136873,5252.37420054546,-1702.23732754546
"06spec81","SC14-02","Log",8371.000243,NA,NA
"06spec82","SC14-02","Log",4933.285116,NA,NA
"06spec83","SC14-02","Log",4769.916377,NA,NA
"06spec87","SC14-02","Rock",4116.335991,NA,NA
"06spec88","SC14-02","Rock",3538.83177,NA,NA
"06spec89","SC14-02","Rock",4485.449467,NA,NA
"06spec90","SC14-02","Rock",11918.37344,NA,NA
"06spec91","SC14-02","Rock",11379.60821,NA,NA
"06spec92","SC14-02","Rock",9913.17105,NA,NA
"06spec93","SC14-02","Rock",6677.133197,NA,NA
"06spec94","SC14-02","Rock",8771.132866,NA,NA
"06spec95","SC14-02","Twig",7327.525819,5396.69274842857,1930.83307057143
"06spec96","SC14-02","Twig",5412.561785,5396.69274842857,15.8690365714283
"06spec97","SC14-02","Twig",9170.808913,5396.69274842857,3774.11616457143
"06spec98","SC14-02","Twig",9207.129156,5396.69274842857,3810.43640757143
"06spec99","SC14-02","Twig",7631.221676,5396.69274842857,2234.52892757143
"07spec00","SC14-02","Twig",6943.242659,5396.69274842857,1546.54991057143
"07spec01","SC14-02","Twig",6451.54706,5396.69274842857,1054.85431157143
"07spec02","SC14-02","Twig",5182.725105,5396.69274842857,-213.967643428571
"07spec03","SC14-02","Twig",9727.313086,5396.69274842857,4330.62033757143
"07spec04","SC14-02","Twig",7109.449632,5396.69274842857,1712.75688357143
"07spec05","SC14-02","Twig",7734.748905,5396.69274842857,2338.05615657143
"07spec06","SC14-02","Twig",7779.406316,5396.69274842857,2382.71356757143
"07spec07","SC14-02","Twig",7800.32325,5396.69274842857,2403.63050157143
"07spec08","SC14-02","Twig",5595.664962,5396.69274842857,198.972213571428
"07spec09","SC14-02","Twig",6739.178228,5396.69274842857,1342.48547957143
"07spec10","SC14-02","Twig",7437.817798,5396.69274842857,2041.12504957143
"07spec11","SC14-02","Twig",6785.144774,5396.69274842857,1388.45202557143
"07spec12","SC14-02","Twig",6864.758903,5396.69274842857,1468.06615457143
"07spec13","SC14-02","Twig",8258.095386,5396.69274842857,2861.40263757143
"07spec14","SC14-02","Twig",7375.645728,5396.69274842857,1978.95297957143
"07spec15","SC14-02","Twig",8136.590601,5396.69274842857,2739.89785257143
"07spec16","SC14-02","Twig",7196.552707,5396.69274842857,1799.85995857143
"07spec17","SC14-02","Twig",6608.870874,5396.69274842857,1212.17812557143
"07spec18","SC14-02","Twig",9016.910546,5396.69274842857,3620.21779757143
"07spec19","SC14-02","Twig",7887.820488,5396.69274842857,2491.12773957143
"07spec20","SC14-02","Twig",9440.009116,5396.69274842857,4043.31636757143
"07spec21","SC14-02","Twig",8522.748082,5396.69274842857,3126.05533357143
"07spec22","SC14-02","Twig",7756.815805,5396.69274842857,2360.12305657143
"07spec23","SC14-02","Twig",8917.042804,5396.69274842857,3520.35005557143
"07spec24","SC14-02","Twig",8113.977951,5396.69274842857,2717.28520257143
"07spec25","SC14-02","Twig",8800.230837,5396.69274842857,3403.53808857143
"07spec26","SC14-02","Twig",6723.973681,5396.69274842857,1327.28093257143
"07spec27","SC14-02","Twig",7307.447431,5396.69274842857,1910.75468257143
"07spec28","SC14-02","Twig",7899.075645,5396.69274842857,2502.38289657143
"07spec29","SC14-02","Twig",7698.190957,5396.69274842857,2301.49820857143
"07spec30","SC14-02","Twig",5935.68778,5396.69274842857,538.995031571429
"07spec31","SC14-02","Twig",10119.90112,5396.69274842857,4723.20837157143
"08spec22","FL14-01","Trunk",2485.253142,4569.63804189474,-2084.38489989474
"08spec23","FL14-01","Trunk",1842.59623,4569.63804189474,-2727.04181189474
"08spec24","FL14-01","Trunk",2534.028296,4569.63804189474,-2035.60974589474
"08spec25","FL14-01","Trunk",1865.129717,4569.63804189474,-2704.50832489474
"08spec26","FL14-01","Trunk",854.4537731,4569.63804189474,-3715.18426879474
"08spec27","FL14-01","Rock",2257.05848,1374.41557862,882.64290138
"08spec28","FL14-01","Rock",1000.870158,1374.41557862,-373.54542062
"08spec29","FL14-01","Rock",2673.7507,1374.41557862,1299.33512138
"08spec30","FL14-01","Rock",769.5467368,1374.41557862,-604.86884182
"08spec31","FL14-01","Rock",621.1600857,1374.41557862,-753.25549292
"08spec32","FL14-01","Rock",1273.706698,1374.41557862,-100.70888062
"08spec33","FL14-01","Rock",639.1046301,1374.41557862,-735.31094852
"08spec34","FL14-01","Rock",881.951282,1374.41557862,-492.46429662
"08spec35","FL14-01","Rock",971.0208724,1374.41557862,-403.39470622
"08spec36","FL14-01","Rock",4856.090149,1374.41557862,3481.67457038
"08spec37","FL14-01","Rock",824.8610866,1374.41557862,-549.55449202
"08spec38","FL14-01","Rock",2163.152055,1374.41557862,788.73647638
"08spec39","FL14-01","Rock",1731.778141,1374.41557862,357.36256238
"08spec40","FL14-01","Rock",1485.466718,1374.41557862,111.05113938
"08spec41","FL14-01","Rock",503.7175013,1374.41557862,-870.69807732
"08spec42","FL14-01","Rock",1607.047242,1374.41557862,232.63166338
"08spec43","FL14-01","Rock",1036.008465,1374.41557862,-338.40711362
"08spec44","FL14-01","Rock",2069.247813,1374.41557862,694.83223438
"08spec45","FL14-01","Rock",1913.297837,1374.41557862,538.88225838
"08spec46","FL14-01","Rock",1788.639586,1374.41557862,414.22400738
"08spec47","FL14-01","LeafLitter",3599.328005,822.97743472,2776.35057028
"08spec48","FL14-01","LeafLitter",3645.909006,822.97743472,2822.93157128
"08spec49","FL14-01","LeafLitter",3390.437585,822.97743472,2567.46015028
"08spec50","FL14-01","LeafLitter",2953.496191,822.97743472,2130.51875628
"08spec51","FL14-01","LeafLitter",3211.202424,822.97743472,2388.22498928
"08spec52","FL14-01","LeafLitter",4580.259292,822.97743472,3757.28185728
"08spec53","FL14-01","LeafLitter",2242.827647,822.97743472,1419.85021228
"08spec54","FL14-01","LeafLitter",2511.591975,822.97743472,1688.61454028
"08spec71","FL14-01","GreenLeaf",3454.391324,NA,NA
"08spec72","FL14-01","GreenLeaf",2489.99347,NA,NA
"08spec73","FL14-01","GreenLeaf",2902.835025,NA,NA
"08spec74","FL14-01","GreenLeaf",3071.509727,NA,NA
"08spec75","FL14-01","GreenLeaf",2675.783151,NA,NA
"08spec76","FL14-01","GreenLeaf",1285.27074,NA,NA
"08spec77","FL14-01","GreenLeaf",3045.838898,NA,NA
"08spec78","FL14-01","GreenLeaf",2281.681352,NA,NA
"08spec79","FL14-01","GreenLeaf",2846.238112,NA,NA
"08spec80","FL14-01","GreenLeaf",842.0927757,NA,NA
"08spec81","FL14-01","GreenLeaf",2887.424006,NA,NA
"08spec82","FL14-01","Trunk",4875.548305,4569.63804189474,305.910263105264
"08spec83","FL14-01","Trunk",4992.434968,4569.63804189474,422.796926105263
"08spec84","FL14-01","Trunk",4736.240117,4569.63804189474,166.602075105264
"08spec85","FL14-01","Trunk",3583.528608,4569.63804189474,-986.109433894736
"08spec86","FL14-01","Trunk",5042.269382,4569.63804189474,472.631340105264
"08spec87","FL14-01","Trunk",3792.587997,4569.63804189474,-777.050044894736
"08spec88","FL14-01","Trunk",3576.580684,4569.63804189474,-993.057357894736
"08spec89","FL14-01","Trunk",4256.185351,4569.63804189474,-313.452690894736
"08spec90","FL14-01","Trunk",3389.130219,4569.63804189474,-1180.50782289474
"08spec91","FL14-01","Trunk",4579.232604,4569.63804189474,9.59456210526332
"08spec92","FL14-01","Trunk",3553.976702,4569.63804189474,-1015.66133989474
"08spec93","FL14-01","Trunk",5694.835335,4569.63804189474,1125.19729310526
"08spec94","FL14-01","Trunk",3773.481373,4569.63804189474,-796.156668894736
"08spec95","FL14-01","Trunk",4444.323506,4569.63804189474,-125.314535894737
"08spec96","FL14-01","Trunk",3610.381762,4569.63804189474,-959.256279894737
"08spec97","FL14-01","Trunk",7335.658488,4569.63804189474,2766.02044610526
"08spec98","FL14-01","Trunk",3611.161472,4569.63804189474,-958.476569894737
"08spec99","FL14-01","Trunk",3292.488466,4569.63804189474,-1277.14957589474
"09spec00","FL14-01","LeafLitter",4496.725969,822.97743472,3673.74853428
"09spec01","FL14-01","Rock",4894.6366,1374.41557862,3520.22102138
"09spec02","FL14-01","Rock",4855.632708,1374.41557862,3481.21712938
"09spec03","FL14-01","Rock",4529.302297,1374.41557862,3154.88671838
"09spec04","FL14-01","Rock",4882.172577,1374.41557862,3507.75699838
"09spec05","FL14-01","Rock",4290.243466,1374.41557862,2915.82788738
"09spec06","FL14-01","Rock",4565.611275,1374.41557862,3191.19569638
"09spec07","FL14-01","Rock",3202.459164,1374.41557862,1828.04358538
"09spec08","FL14-01","Rock",4713.698484,1374.41557862,3339.28290538
"09spec09","FL14-01","Rock",4505.708879,1374.41557862,3131.29330038
"09spec10","FL14-01","Rock",4360.013195,1374.41557862,2985.59761638
"09spec11","FL14-01","GreenLeaf",4769.974316,NA,NA
"09spec12","FL14-01","GreenLeaf",3411.336385,NA,NA
"09spec13","FL14-01","GreenLeaf",6099.773169,NA,NA
"09spec14","FL14-01","GreenLeaf",5504.419069,NA,NA
"09spec15","FL14-01","GreenLeaf",4102.223123,NA,NA
"09spec16","FL14-01","GreenLeaf",4373.233762,NA,NA
"09spec17","FL14-01","GreenLeaf",4525.761489,NA,NA
"09spec18","FL14-01","GreenLeaf",3843.851713,NA,NA
"09spec19","FL14-01","GreenLeaf",3558.941654,NA,NA
"09spec20","FL14-01","GreenLeaf",3454.155905,NA,NA
"09spec21","FL14-01","Log",3869.513858,2376.1408277,1493.3730303
"09spec22","FL14-01","Log",4254.013723,2376.1408277,1877.8728953
"09spec53","FL14-02","LeafLitter",4553.963138,1463.06025943,3090.90287857
"09spec54","FL14-02","LeafLitter",3602.656315,1463.06025943,2139.59605557
"09spec55","FL14-02","LeafLitter",3464.434171,1463.06025943,2001.37391157
"09spec56","FL14-02","LeafLitter",3246.268791,1463.06025943,1783.20853157
"09spec57","FL14-02","LeafLitter",3261.575058,1463.06025943,1798.51479857
"09spec58","FL14-02","LeafLitter",3794.50775,1463.06025943,2331.44749057
"09spec59","FL14-02","LeafLitter",3624.224045,1463.06025943,2161.16378557
"09spec60","FL14-02","LeafLitter",3293.983493,1463.06025943,1830.92323357
"09spec61","FL14-02","LeafLitter",3407.838215,1463.06025943,1944.77795557
"09spec62","FL14-02","LeafLitter",3539.64286,1463.06025943,2076.58260057
"09spec63","FL14-02","LeafLitter",4137.705036,1463.06025943,2674.64477657
"09spec64","FL14-02","LeafLitter",3660.705842,1463.06025943,2197.64558257
"09spec65","FL14-02","LeafLitter",3699.514364,1463.06025943,2236.45410457
"09spec66","FL14-02","LeafLitter",2743.275544,1463.06025943,1280.21528457
"09spec67","FL14-02","LeafLitter",3361.833603,1463.06025943,1898.77334357
"09spec68","FL14-02","LeafLitter",3613.603951,1463.06025943,2150.54369157
"09spec69","FL14-02","LeafLitter",4110.500866,1463.06025943,2647.44060657
"09spec70","FL14-02","LeafLitter",3925.543948,1463.06025943,2462.48368857
"09spec71","FL14-02","LeafLitter",4178.323796,1463.06025943,2715.26353657
"09spec72","FL14-02","LeafLitter",3495.059185,1463.06025943,2031.99892557
"09spec73","FL14-02","LeafLitter",3366.18897,1463.06025943,1903.12871057
"09spec74","FL14-02","LeafLitter",4233.791393,1463.06025943,2770.73113357
"09spec75","FL14-02","LeafLitter",3315.93461,1463.06025943,1852.87435057
"09spec76","FL14-02","LeafLitter",3572.357824,1463.06025943,2109.29756457
"09spec77","FL14-02","LeafLitter",3343.520937,1463.06025943,1880.46067757
"09spec78","FL14-02","LeafLitter",3759.936976,1463.06025943,2296.87671657
"09spec79","FL14-02","LeafLitter",3717.341707,1463.06025943,2254.28144757
"09spec80","FL14-02","LeafLitter",4282.790737,1463.06025943,2819.73047757
"09spec81","FL14-02","LeafLitter",3423.960582,1463.06025943,1960.90032257
"09spec82","FL14-02","LeafLitter",3142.753317,1463.06025943,1679.69305757
"09spec83","FL14-03","Log",4090.992133,7224.9335446,-3133.9414116
"09spec84","FL14-03","Log",5016.509971,7224.9335446,-2208.4235736
"09spec85","FL14-03","Log",5269.79447,7224.9335446,-1955.1390746
"09spec86","FL14-03","Log",4259.192222,7224.9335446,-2965.7413226
"09spec87","FL14-03","Log",3749.753396,7224.9335446,-3475.1801486
"09spec88","FL14-03","Log",5576.806153,7224.9335446,-1648.1273916
"09spec99","FL14-05","Log",4355.34029,4256.6340628,98.7062272000003
"10spec00","FL14-05","Log",5929.804799,4256.6340628,1673.1707362
"10spec01","FL14-05","Log",10415.36947,4256.6340628,6158.7354072
"10spec02","FL14-05","Log",6821.071803,4256.6340628,2564.4377402
"10spec03","FL14-05","Log",4692.438204,4256.6340628,435.8041412
"10spec04","FL14-05","Log",4816.625119,4256.6340628,559.9910562
"10spec05","FL14-05","Log",5180.499525,4256.6340628,923.8654622
"10spec06","FL14-05","Log",3861.031812,4256.6340628,-395.6022508
"10spec07","FL14-05","Log",9907.053092,4256.6340628,5650.4190292
"10spec08","FL14-05","Log",5526.504784,4256.6340628,1269.8707212
"10spec09","FL14-05","Log",6931.718789,4256.6340628,2675.0847262
"10spec10","FL14-05","Log",5602.669827,4256.6340628,1346.0357642
"10spec11","FL14-05","Log",6052.030457,4256.6340628,1795.3963942
"10spec12","FL14-05","Log",7854.173584,4256.6340628,3597.5395212
"10spec13","FL14-05","Log",7906.21447,4256.6340628,3649.5804072
"10spec14","FL14-05","Log",7659.785636,4256.6340628,3403.1515732
"10spec15","FL14-05","Log",4713.771917,4256.6340628,457.1378542
"10spec16","FL14-05","Log",4838.626096,4256.6340628,581.9920332
"10spec17","FL14-05","Log",5141.127232,4256.6340628,884.4931692
"10spec18","FL14-05","Log",5720.600216,4256.6340628,1463.9661532
"10spec19","FL14-05","Log",5572.705782,4256.6340628,1316.0717192
"10spec20","FL14-05","Log",5166.36505,4256.6340628,909.730987200001
"10spec21","FL14-05","Log",4432.17678,4256.6340628,175.5427172
"10spec22","FL14-05","Log",4892.764428,4256.6340628,636.130365200001
"10spec23","FL14-05","Log",5496.073314,4256.6340628,1239.4392512
"10spec24","FL14-05","Log",7448.178602,4256.6340628,3191.5445392
"10spec25","FL14-05","Log",3835.660367,4256.6340628,-420.9736958
"10spec26","FL14-05","Log",5114.744886,4256.6340628,858.110823200001
"10spec27","FL14-05","Log",6742.742111,4256.6340628,2486.1080482
"10spec28","FL14-05","Log",5455.131883,4256.6340628,1198.4978202
"10spec29","FL14-05","Log",6497.044896,4256.6340628,2240.4108332
"10spec30","FL14-05","Log",5028.000447,4256.6340628,771.366384200001
"10spec31","FL14-05","Log",5902.068909,4256.6340628,1645.4348462
"10spec32","FL14-05","Log",4625.829035,4256.6340628,369.1949722
"10spec33","FL14-05","Log",4087.628061,4256.6340628,-169.0060018
"10spec34","FL14-05","Log",5047.889429,4256.6340628,791.2553662
"10spec45","FL14-06","Log",7466.961095,4037.8161294,3429.1449656
"10spec46","FL14-06","Log",5765.046306,4037.8161294,1727.2301766
"10spec47","FL14-06","Log",5525.033773,4037.8161294,1487.2176436
"10spec48","FL14-06","Log",7874.43246,4037.8161294,3836.6163306
"10spec49","FL14-06","Log",4888.633416,4037.8161294,850.8172866
"10spec50","FL14-06","Log",4831.975826,4037.8161294,794.1596966
"10spec51","FL14-06","Log",4428.233489,4037.8161294,390.4173596
"10spec52","FL14-06","Log",5471.23977,4037.8161294,1433.4236406
"10spec53","FL14-06","Log",6079.705207,4037.8161294,2041.8890776
"10spec54","FL14-06","Log",12078.50427,4037.8161294,8040.6881406
"10spec55","FL14-06","Log",6048.937969,4037.8161294,2011.1218396
"10spec56","FL14-06","Log",8471.601372,4037.8161294,4433.7852426
"10spec57","FL14-06","Log",6087.127456,4037.8161294,2049.3113266
"10spec58","FL14-06","Log",6590.225734,4037.8161294,2552.4096046
"10spec59","FL14-06","Log",6078.726451,4037.8161294,2040.9103216
"10spec60","FL14-06","Log",5560.330957,4037.8161294,1522.5148276
"10spec61","FL14-06","Log",6174.760555,4037.8161294,2136.9444256
"10spec62","FL14-06","Log",4594.380824,4037.8161294,556.5646946
"10spec63","FL14-06","Log",5084.809871,4037.8161294,1046.9937416
"10spec64","FL14-06","Log",7479.184492,4037.8161294,3441.3683626
"10spec65","FL14-06","Log",6308.184149,4037.8161294,2270.3680196
"10spec66","FL14-06","Log",4905.702605,4037.8161294,867.8864756
"10spec67","FL14-06","Log",3621.88536,4037.8161294,-415.9307694
"10spec68","FL14-06","Log",6387.233816,4037.8161294,2349.4176866
"10spec69","FL14-06","Log",4802.238361,4037.8161294,764.4222316
"10spec70","FL14-06","Log",4391.377954,4037.8161294,353.561824599999
"10spec71","FL14-06","Log",6984.401701,4037.8161294,2946.5855716
"10spec72","FL14-06","Log",5172.108656,4037.8161294,1134.2925266
"10spec73","FL14-06","Log",6642.651609,4037.8161294,2604.8354796
"10spec74","FL14-06","Gravel",5822.082136,4685.2076851,1136.8744509
"10spec75","FL14-06","Gravel",5788.047331,4685.2076851,1102.8396459
"10spec76","FL14-06","Gravel",5325.509916,4685.2076851,640.3022309
"10spec77","FL14-06","Gravel",5342.954397,4685.2076851,657.7467119
"10spec78","FL14-06","Gravel",6399.620136,4685.2076851,1714.4124509
"10spec79","FL14-06","Gravel",5182.44258,4685.2076851,497.2348949
"10spec80","FL14-06","Gravel",4960.095195,4685.2076851,274.8875099
"10spec81","FL14-06","Gravel",8884.979606,4685.2076851,4199.7719209
"10spec82","FL14-06","Log",5672.468748,4037.8161294,1634.6526186
"10spec83","FL14-06","Log",2176.696684,4037.8161294,-1861.1194454
"10spec84","FL14-06","Log",4033.938279,4037.8161294,-3.87785040000017
"10spec85","FL14-06","Log",5263.662205,4037.8161294,1225.8460756
"10spec86","FL14-06","Log",3285.706913,4037.8161294,-752.1092164
"10spec87","FL14-06","Log",2926.095822,4037.8161294,-1111.7203074
"10spec88","FL14-06","Log",4463.058174,4037.8161294,425.2420446
"10spec89","FL14-06","Log",2676.541464,4037.8161294,-1361.2746654
"10spec90","FL14-06","Log",3393.129846,4037.8161294,-644.6862834
"10spec91","FL14-06","Log",3006.300786,4037.8161294,-1031.5153434
"10spec92","FL14-06","Log",5761.331713,4037.8161294,1723.5155836
"10spec93","FL14-06","Log",4709.505687,4037.8161294,671.6895576
"10spec94","FL14-06","Log",3040.375626,4037.8161294,-997.4405034
"10spec95","FL14-06","Log",4421.673239,4037.8161294,383.8571096
"10spec96","FL14-06","Log",6697.323981,4037.8161294,2659.5078516
"10spec97","FL14-06","Log",5876.016859,4037.8161294,1838.2007296
"10spec98","FL14-06","Log",5093.031889,4037.8161294,1055.2157596
"10spec99","FL14-06","Log",3670.278772,4037.8161294,-367.5373574
"11spec00","FL14-06","Log",4557.944048,4037.8161294,520.1279186
"11spec01","FL14-06","Log",6109.322528,4037.8161294,2071.5063986
"11spec02","FL14-06","Log",4920.80596,4037.8161294,882.9898306
"11spec03","FL14-06","Log",4669.212552,4037.8161294,631.3964226
"11spec04","FL14-06","Log",3732.375841,4037.8161294,-305.4402884
"11spec05","FL14-06","Log",7522.835932,4037.8161294,3485.0198026
"11spec06","FL14-06","Log",3093.815608,4037.8161294,-944.0005214
"11spec07","FL14-06","Log",4934.011373,4037.8161294,896.1952436
"11spec08","FL14-06","Log",5137.882886,4037.8161294,1100.0667566
"11spec09","FL14-06","Log",6305.501231,4037.8161294,2267.6851016
"11spec10","FL14-06","Log",5366.689591,4037.8161294,1328.8734616
"11spec11","FL14-06","Log",7299.741665,4037.8161294,3261.9255356
"11spec42","SN14-01","LeafLitter",5729.235784,4148.32243244444,1580.91335155556
"11spec43","SN14-01","LeafLitter",11794.125,4148.32243244444,7645.80256755556
"11spec44","SN14-01","LeafLitter",6001.812335,4148.32243244444,1853.48990255556
"11spec45","SN14-01","LeafLitter",5090.059063,4148.32243244444,941.736630555555
"11spec46","SN14-01","LeafLitter",6996.961182,4148.32243244444,2848.63874955556
"11spec47","SN14-01","LeafLitter",9791.80984,4148.32243244444,5643.48740755556
"11spec48","SN14-01","LeafLitter",5940.298606,4148.32243244444,1791.97617355556
"11spec49","SN14-01","LeafLitter",11405.63633,4148.32243244444,7257.31389755555
"11spec50","SN14-01","LeafLitter",6266.788843,4148.32243244444,2118.46641055556
"11spec51","SN14-01","LeafLitter",5195.361745,4148.32243244444,1047.03931255556
"11spec52","SN14-01","LeafLitter",6905.365313,4148.32243244444,2757.04288055556
"11spec53","SN14-01","LeafLitter",7602.452352,4148.32243244444,3454.12991955556
"11spec54","SN14-01","LeafLitter",4770.194315,4148.32243244444,621.871882555555
"11spec55","SN14-01","LeafLitter",6082.061018,4148.32243244444,1933.73858555556
"11spec56","SN14-01","LeafLitter",6378.179211,4148.32243244444,2229.85677855556
"11spec57","SN14-01","LeafLitter",5234.067666,4148.32243244444,1085.74523355556
"11spec58","SN14-01","LeafLitter",6468.859868,4148.32243244444,2320.53743555556
"11spec59","SN14-01","LeafLitter",5197.551758,4148.32243244444,1049.22932555556
"11spec60","SN14-01","LeafLitter",6638.161778,4148.32243244444,2489.83934555556
"11spec61","SN14-01","LeafLitter",5437.166716,4148.32243244444,1288.84428355556
"11spec62","SN14-01","LeafLitter",6778.833952,4148.32243244444,2630.51151955556
"11spec63","SN14-01","LeafLitter",5831.76452,4148.32243244444,1683.44208755556
"11spec64","SN14-01","LeafLitter",5396.443408,4148.32243244444,1248.12097555556
"11spec65","SN14-01","LeafLitter",4482.225199,4148.32243244444,333.902766555556
"11spec66","SN14-01","LeafLitter",4826.415871,4148.32243244444,678.093438555556
"11spec67","SN14-01","LeafLitter",4860.677116,4148.32243244444,712.354683555555
"11spec68","SN14-01","LeafLitter",4959.788175,4148.32243244444,811.465742555555
"11spec69","SN14-01","LeafLitter",6712.908401,4148.32243244444,2564.58596855556
"11spec70","SN14-01","LeafLitter",6542.913461,4148.32243244444,2394.59102855556
"11spec71","SN14-01","LeafLitter",6582.502149,4148.32243244444,2434.17971655556
"11spec72","SN14-01","LeafLitter",4759.056778,4148.32243244444,610.734345555556
"13spec00","SN14-02","GreenLeaf",4186.088728,NA,NA
"13spec01","SN14-02","GreenLeaf",4448.6097,NA,NA
"13spec02","SN14-02","GreenLeaf",3996.417739,NA,NA
"13spec03","SN14-02","GreenLeaf",6429.972999,NA,NA
"13spec04","SN14-02","GreenLeaf",5757.57009,NA,NA
"13spec05","SN14-02","GreenLeaf",3616.938945,NA,NA
"13spec06","SN14-02","GreenLeaf",3588.125969,NA,NA
"13spec07","SN14-02","GreenLeaf",3686.344488,NA,NA
"13spec08","SN14-02","GreenLeaf",3581.171648,NA,NA
"13spec09","SN14-02","GreenLeaf",4375.258763,NA,NA
"13spec10","SN14-02","GreenLeaf",4104.385113,NA,NA
"13spec11","SN14-02","GreenLeaf",6515.613221,NA,NA
"13spec12","SN14-02","GreenLeaf",3511.59185,NA,NA
"13spec13","SN14-02","GreenLeaf",4814.383032,NA,NA
"13spec14","SN14-02","GreenLeaf",6346.803956,NA,NA
"13spec15","SN14-02","GreenLeaf",6481.464518,NA,NA
"13spec16","SN14-02","GreenLeaf",6213.676597,NA,NA
"13spec17","SN14-02","GreenLeaf",3200.286761,NA,NA
"13spec18","SN14-02","GreenLeaf",7430.125309,NA,NA
"13spec19","SN14-02","GreenLeaf",9230.54874,NA,NA
"13spec20","SN14-02","GreenLeaf",4239.656259,NA,NA
"13spec21","SN14-02","GreenLeaf",5302.975243,NA,NA
"13spec22","SN14-02","GreenLeaf",4359.822268,NA,NA
"13spec23","SN14-02","GreenLeaf",3992.516192,NA,NA
"13spec24","SN14-02","GreenLeaf",4864.692265,NA,NA
"13spec25","SN14-02","GreenLeaf",4460.849985,NA,NA
"13spec26","SN14-02","GreenLeaf",4327.576698,NA,NA
"13spec27","SN14-02","GreenLeaf",4628.869559,NA,NA
"13spec28","SN14-02","GreenLeaf",4375.474278,NA,NA
"13spec29","SN14-02","GreenLeaf",4453.905627,NA,NA
"13spec30","SN14-02","GreenLeaf",3941.801525,NA,NA
"13spec31","SN14-02","GreenLeaf",4344.05851,NA,NA
"13spec32","SN14-02","GreenLeaf",3130.157932,NA,NA
"13spec33","SN14-02","GreenLeaf",3947.334051,NA,NA
"13spec34","SN14-02","GreenLeaf",5042.33845,NA,NA
"13spec35","SN14-02","GreenLeaf",8274.698193,NA,NA
"13spec36","SN14-02","Twig",4951.192906,NA,NA
"13spec37","SN14-02","Twig",4322.112864,NA,NA
"13spec38","SN14-02","Twig",4741.254527,NA,NA
"13spec39","SN14-02","Twig",5623.231235,NA,NA
"13spec40","SN14-02","Twig",4427.414994,NA,NA
"13spec71","SN14-03","GreenLeaf",8141.646012,NA,NA
"13spec72","SN14-03","GreenLeaf",6177.810764,NA,NA
"13spec73","SN14-03","GreenLeaf",4706.486943,NA,NA
"13spec74","SN14-03","GreenLeaf",7192.648272,NA,NA
"13spec75","SN14-03","GreenLeaf",5647.640966,NA,NA
"13spec76","SN14-03","GreenLeaf",4422.452017,NA,NA
"13spec77","SN14-03","GreenLeaf",4686.472024,NA,NA
"13spec78","SN14-03","GreenLeaf",5990.365892,NA,NA
"13spec79","SN14-03","GreenLeaf",7829.636178,NA,NA
"13spec80","SN14-03","GreenLeaf",6855.17549,NA,NA
"13spec81","SN14-03","GreenLeaf",6643.497298,NA,NA
"13spec82","SN14-03","GreenLeaf",6416.675157,NA,NA
"13spec83","SN14-03","GreenLeaf",7199.100155,NA,NA
"13spec84","SN14-03","GreenLeaf",7193.07338,NA,NA
"13spec85","SN14-03","GreenLeaf",7620.461915,NA,NA
"13spec86","SN14-03","GreenLeaf",7546.276614,NA,NA
"13spec87","SN14-03","GreenLeaf",7446.833073,NA,NA
"13spec88","SN14-03","GreenLeaf",7007.661839,NA,NA
"13spec89","SN14-03","GreenLeaf",5424.179272,NA,NA
"13spec90","SN14-03","GreenLeaf",10807.93424,NA,NA
"13spec91","SN14-03","Twig",8481.794621,NA,NA
"14spec17","SN14-04","GreenLeaf",6031.7867,NA,NA
"14spec18","SN14-04","GreenLeaf",10136.63896,NA,NA
"14spec19","SN14-04","GreenLeaf",11591.10353,NA,NA
"14spec20","SN14-04","GreenLeaf",8077.625691,NA,NA
"14spec21","SN14-04","GreenLeaf",5099.468299,NA,NA
"14spec22","SN14-04","GreenLeaf",6255.524715,NA,NA
"14spec23","SN14-04","GreenLeaf",13286.91984,NA,NA
"14spec24","SN14-04","GreenLeaf",7590.004559,NA,NA
"14spec25","SN14-04","GreenLeaf",6418.368077,NA,NA
"14spec26","SN14-04","GreenLeaf",7220.075023,NA,NA
"14spec27","SN14-04","GreenLeaf",8476.400417,NA,NA
"14spec28","SN14-04","GreenLeaf",13721.52435,NA,NA
"14spec29","SN14-04","GreenLeaf",11923.50196,NA,NA
"14spec30","SN14-04","GreenLeaf",6488.413155,NA,NA
"14spec31","SN14-04","GreenLeaf",5873.850193,NA,NA
"14spec32","SN14-04","GreenLeaf",6029.270244,NA,NA
"14spec33","SN14-04","GreenLeaf",4470.560719,NA,NA
"14spec34","SN14-04","GreenLeaf",6743.940682,NA,NA
"14spec35","SN14-04","GreenLeaf",4164.287996,NA,NA
"14spec36","SN14-04","GreenLeaf",3952.310713,NA,NA
"14spec37","SN14-04","GreenLeaf",6786.62849,NA,NA
"14spec38","SN14-04","GreenLeaf",10465.95783,NA,NA
"14spec39","SN14-04","GreenLeaf",11758.9263,NA,NA
"14spec40","SN14-04","GreenLeaf",8282.774138,NA,NA
"14spec41","SN14-04","GreenLeaf",4352.388707,NA,NA
"14spec42","SN14-04","GreenLeaf",9198.53021,NA,NA
"14spec43","SN14-04","GreenLeaf",5044.997545,NA,NA
"14spec44","SN14-04","GreenLeaf",5271.963473,NA,NA
"14spec45","SN14-04","GreenLeaf",13179.05146,NA,NA
"14spec46","SN14-04","GreenLeaf",8534.523091,NA,NA
"14spec47","SN14-04","GreenLeaf",7450.343414,NA,NA
"14spec48","SN14-04","GreenLeaf",11288.58453,NA,NA
"14spec66","SN14-05","GreenLeaf",3823.012363,NA,NA
"14spec67","SN14-05","GreenLeaf",4965.957306,NA,NA
"14spec68","SN14-05","GreenLeaf",5074.569918,NA,NA
"14spec69","SN14-05","LeafLitter",3024.766603,1228.34430788182,1796.42229511818
"14spec70","SN14-05","LeafLitter",6003.887758,1228.34430788182,4775.54345011818
"14spec71","SN14-05","LeafLitter",5728.640512,1228.34430788182,4500.29620411818
"14spec96","SN14-06","GreenLeaf",5395.530566,NA,NA
"14spec97","SN14-06","GreenLeaf",4469.044986,NA,NA
"14spec98","SN14-06","GreenLeaf",9539.683439,NA,NA
"14spec99","SN14-06","GreenLeaf",3136.527233,NA,NA
"15spec00","SN14-06","GreenLeaf",3723.032519,NA,NA
"15spec01","SN14-06","GreenLeaf",4177.80787,NA,NA
"15spec02","SN14-06","GreenLeaf",6392.697183,NA,NA
"15spec03","SN14-06","GreenLeaf",4844.2822,NA,NA
"15spec04","SN14-06","GreenLeaf",3547.361652,NA,NA
"15spec05","SN14-06","GreenLeaf",3881.725886,NA,NA
"15spec06","SN14-06","GreenLeaf",4089.418227,NA,NA
"15spec07","SN14-06","GreenLeaf",4396.860924,NA,NA
"15spec08","SN14-06","GreenLeaf",6313.957843,NA,NA
"15spec09","SN14-06","GreenLeaf",2676.1979,NA,NA
"15spec10","SN14-06","GreenLeaf",4988.320898,NA,NA
"15spec11","SN14-06","GreenLeaf",6221.133921,NA,NA
"15spec12","SN14-06","GreenLeaf",3887.823041,NA,NA
"15spec13","SN14-06","GreenLeaf",6775.390425,NA,NA
"15spec14","SN14-06","GreenLeaf",4615.861822,NA,NA
"15spec15","SN14-06","GreenLeaf",7312.823281,NA,NA
"15spec16","SN14-06","GreenLeaf",3050.421179,NA,NA
"15spec17","SN14-06","GreenLeaf",4026.446849,NA,NA
"15spec18","SN14-06","GreenLeaf",6543.398867,NA,NA
"15spec19","SN14-06","GreenLeaf",2979.216704,NA,NA
"15spec20","SN14-06","GreenLeaf",3171.542498,NA,NA
"15spec21","SN14-06","GreenLeaf",3250.806517,NA,NA
"15spec22","SN14-06","GreenLeaf",3373.96702,NA,NA
"15spec23","SN14-06","GreenLeaf",3390.054659,NA,NA
"15spec24","SN14-06","GreenLeaf",4663.256329,NA,NA
"15spec25","SN14-06","GreenLeaf",2652.853058,NA,NA
"15spec26","SN14-06","GreenLeaf",4506.820186,NA,NA
"15spec27","SN14-06","GreenLeaf",3701.113005,NA,NA
"15spec28","SN14-06","GreenLeaf",2675.315537,NA,NA
"15spec29","SN14-06","Twig",6893.719125,NA,NA
"15spec30","SN14-06","Twig",3787.624652,NA,NA
"15spec31","SN14-06","Twig",6967.844854,NA,NA
"15spec32","SN14-06","Twig",4599.400929,NA,NA
"15spec33","SN14-06","Twig",2613.517111,NA,NA
"15spec55","SC14-03","Rock",3826.702894,4391.7258173,-565.0229233
"15spec56","SC14-03","Rock",2779.028869,4391.7258173,-1612.6969483
"15spec57","SC14-03","Rock",3831.981854,4391.7258173,-559.7439633
"15spec58","SC14-03","Rock",3336.45211,4391.7258173,-1055.2737073
"15spec59","SC14-03","Rock",3160.92242,4391.7258173,-1230.8033973
"15spec60","SC14-03","Rock",3081.304847,4391.7258173,-1310.4209703
"15spec61","SC14-03","Rock",2945.189976,4391.7258173,-1446.5358413
"15spec62","SC14-03","Rock",5372.679377,4391.7258173,980.9535597
"15spec63","SC14-03","Cactus",3476.427968,NA,NA
"15spec64","SC14-03","Cactus",4465.135664,NA,NA
"15spec65","SC14-03","Cactus",3258.119181,NA,NA
"15spec66","SC14-03","Cactus",4437.265719,NA,NA
"15spec67","SC14-03","Cactus",6503.515359,NA,NA
"15spec68","SC14-03","Cactus",3691.803713,NA,NA
"15spec69","SC14-03","Cactus",3903.549586,NA,NA
"15spec70","SC14-03","Cactus",3902.460258,NA,NA
"15spec71","SC14-03","Cactus",4411.458178,NA,NA
"15spec72","SC14-03","Cactus",6111.708918,NA,NA
"15spec73","SC14-03","Cactus",4363.32258,NA,NA
"15spec74","SC14-03","Cactus",4763.135719,NA,NA
"15spec75","SC14-03","Cactus",4297.332523,NA,NA
"15spec76","SC14-03","Cactus",3892.129197,NA,NA
"15spec77","SC14-03","Cactus",4132.653406,NA,NA
"15spec78","SC14-03","Cactus",4727.437012,NA,NA
"15spec79","SC14-03","Cactus",4636.187236,NA,NA
"15spec80","SC14-03","Cactus",3774.286585,NA,NA
"15spec81","SC14-03","Cactus",3507.006228,NA,NA
"15spec82","SC14-03","Cactus",3635.430898,NA,NA
"15spec83","SC14-03","Cactus",4563.419227,NA,NA
"15spec84","SC14-03","Cactus",4222.818121,NA,NA
"15spec85","SC14-03","Cactus",3899.994519,NA,NA
"15spec86","SC14-03","Cactus",4037.8046,NA,NA
"15spec87","SC14-03","Cactus",5357.737179,NA,NA
"15spec88","SC14-03","Cactus",5157.707716,NA,NA
"15spec89","SC14-03","Cactus",3269.426007,NA,NA
"15spec90","SC14-03","Cactus",5269.128595,NA,NA
"15spec91","SC14-03","Cactus",3115.345362,NA,NA
"15spec92","SC14-03","Log",3187.822666,6619.03274355,-3431.21007755
"15spec93","SC14-03","Log",2169.449977,6619.03274355,-4449.58276655
"15spec94","SC14-03","Log",1632.421138,6619.03274355,-4986.61160555
"15spec95","SC14-03","Log",1854.079561,6619.03274355,-4764.95318255
"15spec96","SC14-03","Log",5143.298671,6619.03274355,-1475.73407255
"15spec97","SC14-03","Log",4451.022881,6619.03274355,-2168.00986255
"15spec98","SC14-03","Log",3880.125852,6619.03274355,-2738.90689155
"15spec99","SC14-03","Log",3264.906042,6619.03274355,-3354.12670155
"17spec91","SC14-05","Cactus",3438.746645,3019.6735484,419.0730966
"17spec92","SC14-05","Cactus",3538.191628,3019.6735484,518.5180796
"17spec93","SC14-05","Cactus",4104.926932,3019.6735484,1085.2533836
"17spec94","SC14-05","Cactus",3547.335617,3019.6735484,527.6620686
"17spec95","SC14-05","Cactus",3325.17223,3019.6735484,305.4986816
"17spec96","SC14-05","Cactus",3730.471449,3019.6735484,710.7979006
"17spec97","SC14-05","Cactus",4083.625598,3019.6735484,1063.9520496
"17spec98","SC14-05","Cactus",3667.763542,3019.6735484,648.0899936
"17spec99","SC14-05","Cactus",4289.914079,3019.6735484,1270.2405306
"18spec09","SC14-09","Cactus",2504.599408,3786.55950493333,-1281.96009693333
"18spec10","SC14-09","Cactus",3751.551131,3786.55950493333,-35.0083739333331
"18spec11","SC14-09","Cactus",4249.154362,3786.55950493333,462.594857066667
"18spec12","SC14-09","Cactus",3185.0471,3786.55950493333,-601.512404933334
"18spec13","SC14-09","Cactus",2974.159299,3786.55950493333,-812.400205933333
"18spec14","SC14-09","Cactus",3522.017969,3786.55950493333,-264.541535933333
"18spec15","SC14-09","Cactus",3122.15098,3786.55950493333,-664.408524933333
"18spec16","SC14-09","Cactus",4407.173713,3786.55950493333,620.614208066667
"18spec17","SC14-09","Cactus",4638.875384,3786.55950493333,852.315879066667
"18spec18","SC14-09","Cactus",7184.295385,3786.55950493333,3397.73588006667
"18spec19","SC14-09","Cactus",2333.968417,3786.55950493333,-1452.59108793333
"18spec20","SC14-09","Cactus",2857.096813,3786.55950493333,-929.462691933333
"18spec21","SC14-09","Cactus",3670.109947,3786.55950493333,-116.449557933333
"18spec22","SC14-09","Cactus",7131.943465,3786.55950493333,3345.38396006667
"18spec23","SC14-09","Cactus",4821.13071,3786.55950493333,1034.57120506667
"18spec24","SC14-09","Cactus",5100.971167,3786.55950493333,1314.41166206667
"18spec25","SC14-09","Cactus",4411.966928,3786.55950493333,625.407423066667
"18spec26","SC14-09","Cactus",2480.411332,3786.55950493333,-1306.14817293333
"18spec27","SC14-09","Cactus",3405.005459,3786.55950493333,-381.554045933333
"18spec28","SC14-09","Cactus",3066.571689,3786.55950493333,-719.987815933333
"18spec60","SC14-13","Rock",1985.331555,3280.46634206667,-1295.13478706667
"18spec61","SC14-13","Rock",3343.052041,3280.46634206667,62.5856989333333
"18spec62","SC14-13","Rock",1532.919136,3280.46634206667,-1747.54720606667
"18spec63","SC14-13","Rock",3595.104649,3280.46634206667,314.638306933333
"18spec64","SC14-13","Rock",2059.601041,3280.46634206667,-1220.86530106667
"18spec65","SC14-13","Rock",3642.373181,3280.46634206667,361.906838933333
"18spec66","SC14-13","Rock",2578.038436,3280.46634206667,-702.427906066667
"18spec67","SC14-13","Rock",2589.239286,3280.46634206667,-691.227056066667
"18spec68","SC14-13","Rock",4062.824408,3280.46634206667,782.358065933333
"18spec69","SC14-13","Rock",2658.394563,3280.46634206667,-622.071779066667
"18spec70","SC14-13","Rock",4375.607184,3280.46634206667,1095.14084193333
"18spec71","SC14-13","Rock",2694.05858,3280.46634206667,-586.407762066667
"18spec72","SC14-13","Rock",5375.118,3280.46634206667,2094.65165793333
"18spec73","SC14-13","Rock",4217.567995,3280.46634206667,937.101652933334
"18spec74","SC14-13","Rock",3014.885675,3280.46634206667,-265.580667066667
"18spec75","SC14-13","Rock",2310.921088,3280.46634206667,-969.545254066667
"18spec76","SC14-13","Rock",3156.449214,3280.46634206667,-124.017128066666
"18spec77","SC14-13","Rock",3662.984753,3280.46634206667,382.518410933334
"18spec78","SC14-13","Rock",3899.371699,3280.46634206667,618.905356933333
"18spec79","SC14-13","Rock",4095.163508,3280.46634206667,814.697165933334
"18spec80","SC14-13","Rock",2390.231738,3280.46634206667,-890.234604066667
"18spec81","SC14-13","Rock",3583.605303,3280.46634206667,303.138960933333
"18spec82","SC14-13","Rock",2731.968815,3280.46634206667,-548.497527066666
"18spec83","SC14-13","Rock",4578.497634,3280.46634206667,1298.03129193333
"18spec84","SC14-13","Rock",3959.693825,3280.46634206667,679.227482933333
"18spec85","SC14-13","Rock",2959.827359,3280.46634206667,-320.638983066667
"18spec86","SC14-13","Rock",2948.177755,3280.46634206667,-332.288587066666
"18spec87","SC14-13","Rock",2348.231299,3280.46634206667,-932.235043066667
"18spec88","SC14-13","Rock",2198.249599,3280.46634206667,-1082.21674306667
"18spec89","SC14-13","LeafLitter",3912.373267,2852.90939306667,1059.46387393333
"18spec90","SC14-13","LeafLitter",3072.988255,2852.90939306667,220.078861933333
"18spec91","SC14-13","LeafLitter",3781.560031,2852.90939306667,928.650637933333
"18spec92","SC14-13","LeafLitter",4013.547451,2852.90939306667,1160.63805793333
"18spec93","SC14-13","LeafLitter",2576.758457,2852.90939306667,-276.150936066667
"18spec94","SC14-13","LeafLitter",5286.671405,2852.90939306667,2433.76201193333
"18spec95","SC14-13","LeafLitter",4592.055316,2852.90939306667,1739.14592293333
"18spec96","SC14-13","LeafLitter",3065.119299,2852.90939306667,212.209905933333
"18spec97","SC14-13","LeafLitter",2401.171447,2852.90939306667,-451.737946066667
"18spec98","SC14-13","LeafLitter",3310.631415,2852.90939306667,457.722021933333
"18spec99","SC14-13","Trunk",13439.77474,10946.7465508667,2493.02818913333
"19spec49","SC14-13","Trunk",12270.29945,10946.7465508667,1323.55289913333
"19spec50","SC14-14","Rock",2179.357961,NA,NA
"19spec51","SC14-14","Rock",3500.924585,NA,NA
"19spec52","SC14-14","Rock",2547.609097,NA,NA
"19spec53","SC14-14","Rock",2682.862958,NA,NA
"19spec54","SC14-14","Rock",3922.319926,NA,NA
"19spec55","SC14-14","Rock",2395.975154,NA,NA
"19spec56","SC14-14","Rock",3536.403419,NA,NA
"19spec57","SC14-14","Rock",2899.796336,NA,NA
"19spec58","SC14-14","Rock",2333.657179,NA,NA
"19spec59","SC14-14","Rock",2336.606897,NA,NA
"19spec60","SC14-14","Rock",2608.990627,NA,NA
"19spec61","SC14-14","Rock",3157.394077,NA,NA
"19spec62","SC14-14","Rock",4146.56902,NA,NA
"19spec63","SC14-14","Rock",3995.939541,NA,NA
"19spec64","SC14-14","Rock",3011.015426,NA,NA
"19spec65","SC14-14","Rock",2764.247697,NA,NA
"19spec66","SC14-14","Rock",3131.716803,NA,NA
"19spec67","SC14-14","Rock",2955.075349,NA,NA
"19spec68","SC14-14","Rock",4042.899305,NA,NA
"19spec69","SC14-14","Rock",3048.342885,NA,NA
"19spec94","SC14-15","Trunk",4544.728578,10152.114972,-5607.386394
"19spec95","SC14-15","Trunk",9328.42664,10152.114972,-823.688332
"19spec96","SC14-15","Trunk",9960.219066,10152.114972,-191.895906
"19spec97","SC14-15","Trunk",8337.237578,10152.114972,-1814.877394
"19spec98","SC14-15","Trunk",7856.837572,10152.114972,-2295.2774
"19spec99","SC14-15","Trunk",6750.423481,10152.114972,-3401.691491
"20spec00","SC14-15","Trunk",8181.020661,10152.114972,-1971.094311
"20spec01","SC14-15","Trunk",9880.227673,10152.114972,-271.887299
"20spec02","SC14-15","Trunk",7510.267402,10152.114972,-2641.84757
"20spec03","SC14-15","Trunk",8431.780669,10152.114972,-1720.334303
"20spec04","SC14-15","Trunk",6097.834799,10152.114972,-4054.280173
"20spec05","SC14-15","Trunk",12662.94591,10152.114972,2510.830938
"20spec06","SC14-15","Trunk",7232.087861,10152.114972,-2920.027111
"20spec07","SC14-15","Trunk",6932.465226,10152.114972,-3219.649746
"20spec08","SC14-15","Trunk",8330.404503,10152.114972,-1821.710469
"20spec29","GD14-01","Rock",3687.103264,5366.36753473333,-1679.26427073333
"20spec30","GD14-01","Rock",2813.946192,5366.36753473333,-2552.42134273333
"20spec31","GD14-01","Rock",3279.583599,5366.36753473333,-2086.78393573333
"20spec32","GD14-01","Rock",3374.596227,5366.36753473333,-1991.77130773333
"20spec33","GD14-01","Rock",4451.743591,5366.36753473333,-914.623943733333
"20spec34","GD14-01","Rock",3471.087164,5366.36753473333,-1895.28037073333
"20spec35","GD14-01","Rock",4140.434408,5366.36753473333,-1225.93312673333
"20spec36","GD14-01","Rock",4034.013168,5366.36753473333,-1332.35436673333
"20spec37","GD14-01","Rock",5174.112023,5366.36753473333,-192.255511733334
"20spec38","GD14-01","Rock",3888.471481,5366.36753473333,-1477.89605373333
"20spec39","GD14-01","Rock",3433.994633,5366.36753473333,-1932.37290173333
"20spec40","GD14-01","Rock",3031.337812,5366.36753473333,-2335.02972273333
"20spec41","GD14-01","Rock",3901.105851,5366.36753473333,-1465.26168373333
"20spec42","GD14-01","Rock",3346.487547,5366.36753473333,-2019.87998773333
"20spec43","GD14-01","Rock",3779.984422,5366.36753473333,-1586.38311273333
"20spec44","GD14-01","Rock",4412.594426,5366.36753473333,-953.773108733334
"20spec45","GD14-01","Rock",3311.21552,5366.36753473333,-2055.15201473333
"20spec46","GD14-01","Rock",4060.183131,5366.36753473333,-1306.18440373333
"20spec47","GD14-01","Rock",3359.435715,5366.36753473333,-2006.93181973333
"20spec48","GD14-01","Rock",4144.195515,5366.36753473333,-1222.17201973333
"20spec80","FL14-17","RockSurface",9289.237202,5058.64028324,4230.59691876
"20spec81","FL14-17","RockSurface",10061.36704,5058.64028324,5002.72675676
"20spec82","FL14-17","RockSurface",3600.639923,5058.64028324,-1458.00036024
"20spec83","FL14-17","RockSurface",7136.333889,5058.64028324,2077.69360576
"20spec84","FL14-17","RockSurface",10883.16956,5058.64028324,5824.52927676
"20spec85","FL14-17","RockSurface",7903.902246,5058.64028324,2845.26196276
"20spec86","FL14-17","RockSurface",16056.00609,5058.64028324,10997.36580676
"20spec87","FL14-17","RockSurface",6779.859853,5058.64028324,1721.21956976
"20spec88","FL14-17","RockSurface",7436.928629,5058.64028324,2378.28834576
"20spec89","FL14-17","RockSurface",4683.926117,5058.64028324,-374.71416624
"20spec90","FL14-17","RockSurface",10537.43255,5058.64028324,5478.79226676
"20spec91","FL14-17","RockSurface",10945.25633,5058.64028324,5886.61604676
"20spec92","FL14-17","RockSurface",6448.271633,5058.64028324,1389.63134976
"20spec93","FL14-17","RockSurface",5452.347408,5058.64028324,393.70712476
"20spec94","FL14-17","RockSurface",10900.50422,5058.64028324,5841.86393676
"20spec95","FL14-17","RockSurface",7345.133419,5058.64028324,2286.49313576
"20spec96","FL14-17","RockSurface",8943.819422,5058.64028324,3885.17913876
"20spec97","FL14-17","RockSurface",3929.163928,5058.64028324,-1129.47635524
"20spec98","FL14-17","RockSurface",8968.921581,5058.64028324,3910.28129776
"20spec99","FL14-17","RockSurface",12730.80442,5058.64028324,7672.16413676
"21spec00","FL14-17","RockSurface",6615.590563,5058.64028324,1556.95027976
"21spec01","FL14-17","RockSurface",7756.260107,5058.64028324,2697.61982376
"21spec02","FL14-17","RockSurface",6305.808505,5058.64028324,1247.16822176
"21spec03","FL14-17","RockSurface",7893.6218,5058.64028324,2834.98151676
"21spec04","FL14-17","RockSurface",4556.758369,5058.64028324,-501.88191424
"21spec05","FL14-17","RockSurface",7644.447574,5058.64028324,2585.80729076
"21spec06","FL14-17","RockSurface",5867.743851,5058.64028324,809.10356776
"21spec07","FL14-17","RockSurface",7886.294034,5058.64028324,2827.65375076
"21spec08","FL14-17","RockSurface",9818.900712,5058.64028324,4760.26042876
"21spec09","FL14-17","RockSurface",4270.478059,5058.64028324,-788.16222424
"21spec10","FL14-17","RockSurface",9942.362345,5058.64028324,4883.72206176
"21spec11","FL14-17","RockSurface",12267.52687,5058.64028324,7208.88658676
"21spec12","FL14-17","RockSurface",8494.78088,5058.64028324,3436.14059676
"21spec13","FL14-17","RockSurface",5498.505208,5058.64028324,439.86492476
"21spec14","FL14-17","RockSurface",12243.61976,5058.64028324,7184.97947676
"21spec15","FL14-17","RockSurface",7163.505418,5058.64028324,2104.86513476
"21spec16","FL14-17","RockSurface",4807.239171,5058.64028324,-251.40111224
"21spec17","FL14-17","RockSurface",6065.147398,5058.64028324,1006.50711476
"21spec18","FL14-17","RockSurface",5918.241159,5058.64028324,859.60087576
"21spec19","FL14-17","RockSurface",9220.177941,5058.64028324,4161.53765776
"21spec20","FL14-17","Log",4102.3585,3262.06837233333,840.290127666667
"21spec21","FL14-17","Log",2372.486897,3262.06837233333,-889.581475333333
"21spec22","FL14-17","Log",5104.339684,3262.06837233333,1842.27131166667
"21spec23","FL14-17","Log",4763.08462,3262.06837233333,1501.01624766667
"21spec24","FL14-17","Log",3765.775594,3262.06837233333,503.707221666667
"21spec25","FL14-17","Log",5460.588987,3262.06837233333,2198.52061466667
"21spec26","FL14-17","Log",2261.275959,3262.06837233333,-1000.79241333333
"21spec27","FL14-17","Log",5467.55562,3262.06837233333,2205.48724766667
"21spec28","FL14-17","Log",3240.90738,3262.06837233333,-21.1609923333331
"21spec29","FL14-17","Log",4180.464441,3262.06837233333,918.396068666667
"21spec30","FL14-17","Log",4303.815219,3262.06837233333,1041.74684666667
"21spec31","FL14-17","Log",5234.143109,3262.06837233333,1972.07473666667
"21spec32","FL14-17","Log",2744.367716,3262.06837233333,-517.700656333333
"21spec33","FL14-17","Log",6923.056422,3262.06837233333,3660.98804966667
"21spec34","FL14-17","Log",1733.538999,3262.06837233333,-1528.52937333333
"21spec35","FL14-17","Log",2154.13818,3262.06837233333,-1107.93019233333
"21spec36","FL14-17","Log",7296.264261,3262.06837233333,4034.19588866667
"21spec37","FL14-17","Log",3031.969107,3262.06837233333,-230.099265333333
"21spec38","FL14-17","Log",3107.410648,3262.06837233333,-154.657724333333
"21spec39","FL14-17","Log",3830.353295,3262.06837233333,568.284922666667
"21spec40","FL14-17","Log",2227.916883,3262.06837233333,-1034.15148933333
"21spec41","FL14-17","Log",2084.799513,3262.06837233333,-1177.26885933333
"21spec42","FL14-17","Log",3491.418815,3262.06837233333,229.350442666667
"21spec43","FL14-17","Log",3770.608721,3262.06837233333,508.540348666667
"21spec44","FL14-17","Log",2361.191088,3262.06837233333,-900.877284333333
"21spec45","FL14-17","Log",2599.629671,3262.06837233333,-662.438701333333
"22spec27","FL14-18","LeafLitter",2207.679908,1328.81015640667,878.869751593333
"22spec28","FL14-18","LeafLitter",1621.80575,1328.81015640667,292.995593593333
"22spec29","FL14-18","LeafLitter",2027.153504,1328.81015640667,698.343347593333
"22spec30","FL14-18","LeafLitter",4390.885714,1328.81015640667,3062.07555759333
"22spec31","FL14-18","LeafLitter",1942.951034,1328.81015640667,614.140877593333
"22spec32","FL14-18","LeafLitter",2897.65849,1328.81015640667,1568.84833359333
"22spec33","FL14-18","LeafLitter",1195.028953,1328.81015640667,-133.781203406667
"22spec34","FL14-18","LeafLitter",1185.942782,1328.81015640667,-142.867374406667
"22spec35","FL14-18","LeafLitter",2470.043805,1328.81015640667,1141.23364859333
"22spec36","FL14-18","LeafLitter",3603.687739,1328.81015640667,2274.87758259333
"22spec37","FL14-18","LeafLitter",1403.780757,1328.81015640667,74.9706005933333
"22spec38","FL14-18","LeafLitter",1562.354405,1328.81015640667,233.544248593333
"22spec39","FL14-18","LeafLitter",2152.199653,1328.81015640667,823.389496593333
"22spec40","FL14-18","LeafLitter",3068.057089,1328.81015640667,1739.24693259333
"22spec41","FL14-18","LeafLitter",2450.938711,1328.81015640667,1122.12855459333
"22spec42","FL14-18","LeafLitter",3714.793037,1328.81015640667,2385.98288059333
"22spec43","FL14-18","LeafLitter",1407.833999,1328.81015640667,79.0238425933333
"22spec44","FL14-18","LeafLitter",2167.276157,1328.81015640667,838.466000593333
"22spec60","FL14-10","Rock",3210.831401,3306.3440004,-95.5125994
"22spec61","FL14-10","Rock",2756.777868,3306.3440004,-549.5661324
"22spec62","FL14-10","Rock",3631.027994,3306.3440004,324.6839936
"22spec63","FL14-10","Rock",2530.312843,3306.3440004,-776.0311574
"22spec64","FL14-10","Rock",2351.124637,3306.3440004,-955.2193634
"22spec65","FL14-10","Rock",3037.203452,3306.3440004,-269.1405484
"22spec66","FL14-10","Rock",2454.198743,3306.3440004,-852.1452574
"24spec01","PI12-20","DryVegetation",11900.56039,8036.41282526667,3864.14756473333
"24spec02","PI12-20","DryVegetation",10899.17342,8036.41282526667,2862.76059473333
"24spec03","PI12-20","DryVegetation",6269.759084,8036.41282526667,-1766.65374126667
"24spec04","PI12-20","DryVegetation",4660.414722,8036.41282526667,-3375.99810326667
"24spec05","PI12-20","DryVegetation",5141.175208,8036.41282526667,-2895.23761726667
"24spec06","PI12-20","DryVegetation",4158.185362,8036.41282526667,-3878.22746326667
"24spec07","PI12-20","DryVegetation",4287.434409,8036.41282526667,-3748.97841626667
"24spec08","PI12-20","DryVegetation",3786.670896,8036.41282526667,-4249.74192926667
"24spec09","PI12-20","DryVegetation",3314.015232,8036.41282526667,-4722.39759326667
"24spec10","PI12-20","DryVegetation",4159.053996,8036.41282526667,-3877.35882926667
"24spec11","PI12-20","DryVegetation",3758.878708,8036.41282526667,-4277.53411726667
"24spec77","PI12-20","DryVegetation",11211.71722,8036.41282526667,3175.30439473333
"24spec78","PI12-20","DryVegetation",5188.903749,8036.41282526667,-2847.50907626667
"24spec79","PI12-20","DryVegetation",6077.497983,8036.41282526667,-1958.91484226667
"24spec80","PI12-20","DryVegetation",4807.733356,8036.41282526667,-3228.67946926667
"24spec81","PI12-20","DryVegetation",4091.208195,8036.41282526667,-3945.20463026667
"24spec83","RA14-01","Rock",14960.72879,7335.9535194,7624.7752706
"24spec84","RA14-01","Rock",21377.10121,7335.9535194,14041.1476906
"24spec85","RA14-01","Rock",12635.77489,7335.9535194,5299.8213706
"24spec86","RA14-01","Rock",16853.43324,7335.9535194,9517.4797206
"24spec87","RA14-01","Rock",12224.99451,7335.9535194,4889.0409906
"24spec88","RA14-01","Rock",16081.97489,7335.9535194,8746.0213706
"24spec89","RA14-01","Rock",20081.92108,7335.9535194,12745.9675606
"24spec90","RA14-01","Rock",25224.30772,7335.9535194,17888.3542006
"24spec91","RA14-01","Rock",16702.94397,7335.9535194,9366.9904506
"24spec92","RA14-01","Rock",20853.15803,7335.9535194,13517.2045106
"24spec93","RA14-01","Rock",17092.46154,7335.9535194,9756.5080206
"24spec94","RA14-01","Rock",20230.84497,7335.9535194,12894.8914506
"24spec95","RA14-01","Rock",21860.84269,7335.9535194,14524.8891706
"24spec96","RA14-01","Rock",25254.38414,7335.9535194,17918.4306206
"24spec97","RA14-01","Rock",19844.766,7335.9535194,12508.8124806
"24spec98","RA14-01","Rock",16606.79554,7335.9535194,9270.8420206
"24spec99","RA14-01","Rock",12192.00061,7335.9535194,4856.0470906
"25spec00","RA14-01","Rock",14923.19883,7335.9535194,7587.2453106
"25spec01","RA14-01","Rock",11321.13625,7335.9535194,3985.1827306
"25spec02","RA14-01","Rock",20372.65138,7335.9535194,13036.6978606
"25spec03","RA14-01","Rock",23791.96664,7335.9535194,16456.0131206
"25spec04","RA14-01","Rock",15429.93909,7335.9535194,8093.9855706
"25spec05","RA14-01","Rock",15182.92561,7335.9535194,7846.9720906
"25spec06","RA14-01","GreenLeaf",23578.34828,5169.23261926667,18409.1156607333
"25spec07","RA14-01","GreenLeaf",13123.87511,5169.23261926667,7954.64249073333
"25spec08","RA14-01","GreenLeaf",16331.04247,5169.23261926667,11161.8098507333
"25spec09","RA14-01","GreenLeaf",11164.94246,5169.23261926667,5995.70984073333
"25spec10","RA14-01","GreenLeaf",13808.65991,5169.23261926667,8639.42729073333
"25spec94","PIcumbre","Rock",2718.26973,4791.9607276,-2073.6909976
"25spec95","PIcumbre","Rock",4734.127906,4791.9607276,-57.8328216
"25spec96","PIcumbre","Rock",4902.306735,4791.9607276,110.3460074
"25spec97","PIcumbre","Rock",873.9880053,4791.9607276,-3917.9727223
"25spec98","PIcumbre","Rock",3572.629494,4791.9607276,-1219.3312336
"25spec99","PIcumbre","Rock",4226.762279,4791.9607276,-565.1984486
"26spec00","PIcumbre","Rock",4154.058172,4791.9607276,-637.9025556
"26spec01","PIcumbre","Rock",3564.0527,4791.9607276,-1227.9080276
"26spec02","PIcumbre","Rock",2701.967366,4791.9607276,-2089.9933616
"26spec03","PIcumbre","Rock",2414.198045,4791.9607276,-2377.7626826
"26spec05","PIcliff","Rock",3063.393117,NA,NA
"26spec06","PIcliff","Rock",2739.185315,NA,NA
"26spec07","PIcliff","Rock",2849.43895,NA,NA
"26spec08","PIcliff","Rock",2369.340825,NA,NA
"26spec09","PIcliff","Rock",3177.538671,NA,NA
"26spec10","PIcliff","Rock",2692.284789,NA,NA
"26spec11","PIcliff","Rock",3074.396449,NA,NA
"26spec12","PIcliff","Rock",2294.557671,NA,NA
"26spec13","PIcliff","Rock",2306.752176,NA,NA
"26spec14","PIcliff","Rock",2545.676182,NA,NA
"26spec15","PIcliff","Rock",1084.568382,NA,NA
"26spec16","PIcliff","Rock",1911.512193,NA,NA
"26spec17","PIcliff","Rock",1417.698735,NA,NA
"26spec18","PIcliff","Rock",3048.554625,NA,NA
"26spec20","PI12-20","DryVegetation",4795.983151,8036.41282526667,-3240.42967426667
"26spec21","PI12-20","DryVegetation",5956.996117,8036.41282526667,-2079.41670826667
"26spec22","PI12-20","DryVegetation",10406.12977,8036.41282526667,2369.71694473333
"26spec23","PI12-20","DryVegetation",9621.477199,8036.41282526667,1585.06437373333
"26spec24","PI12-20","DryVegetation",4906.149995,8036.41282526667,-3130.26283026667
"26spec25","PI12-20","DryVegetation",5381.055581,8036.41282526667,-2655.35724426667
"26spec26","PI12-19","DryVegetation",14858.40572,8036.41282526667,6821.99289473333
"26spec29","SC14-14","Rock",3803.241019,NA,NA
"26spec30","SC14-14","Rock",2433.618413,NA,NA
"26spec31","SC14-14","Rock",2895.511583,NA,NA
"26spec32","SC14-14","Rock",2997.130299,NA,NA
"26spec33","SC14-14","Rock",1939.153506,NA,NA
"26spec34","SC14-14","Rock",3104.782138,NA,NA
"26spec35","SC14-14","Rock",2850.103828,NA,NA
"26spec36","SC14-14","Rock",2911.468615,NA,NA
"26spec37","SC14-14","Rock",3140.826777,NA,NA
"26spec38","SC14-14","Rock",3893.474067,NA,NA
"26spec39","SC14-14","Rock",5010.242047,NA,NA
"27spec92","SC15-01","LeafLitter",3187.611266,1482.30587305,1705.30539295
"28spec15","SC15LaCascada","twigs",4003.299322,NA,NA
"28spec16","SC15LaCascada","twigs",2381.873289,NA,NA
"28spec17","SC15LaCascada","twigs",2825.236097,NA,NA
"28spec18","SC15LaCascada","twigs",2558.470824,NA,NA
"28spec19","SC15LaCascada","twigs",2115.816778,NA,NA
"28spec20","SC15LaCascada","twigs",1921.728224,NA,NA
"28spec21","SC15LaCascada","twigs",2519.863231,NA,NA
"28spec22","SC15LaCascada","twigs",2521.337608,NA,NA
"28spec23","SC15LaCascada","twigs",2279.677047,NA,NA
"28spec24","SC15LaCascada","twigs",1389.343201,NA,NA
"28spec25","SC15LaCascada","twigs",2597.682412,NA,NA
"28spec26","SC15LaCascada","twigs",1342.016521,NA,NA
"28spec27","SC15LaCascada","twigs",2140.994399,NA,NA
"28spec28","SC15LaCascada","twigs",2387.444731,NA,NA
"28spec29","SC15LaCascada","twigs",3532.352451,NA,NA
"28spec30","SC15LaCascada","twigs",1379.643886,NA,NA
"28spec31","SC15LaCascada","twigs",4305.899728,NA,NA
"28spec32","SC15LaCascada","twigs",2780.064997,NA,NA
"28spec33","SC15LaCascada","twigs",2243.615621,NA,NA
"28spec34","SC15LaCascada","twigs",1406.343495,NA,NA
"28spec35","SC15LaCascada","twigs",1966.972602,NA,NA
"28spec36","SC15LaCascada","twigs",2441.201996,NA,NA
"28spec37","SC15LaCascada","twigs",3240.809084,NA,NA
"28spec38","SC15LaCascada","twigs",2828.644904,NA,NA
"28spec39","SC15LaCascada","twigs",2828.902375,NA,NA
"28spec40","SC15LaCascada","twigs",3137.915255,NA,NA
"28spec41","SC15LaCascada","twigs",3498.361718,NA,NA
"28spec42","SC15LaCascada","twigs",1611.759782,NA,NA
"28spec97","SC15-08","LeafLitter",1756.377871,1125.893668375,630.484202625
"28spec98","SC15-08","LeafLitter",928.1475285,1125.893668375,-197.746139875
"28spec99","SC15-08","LeafLitter",1673.921932,1125.893668375,548.028263625
"29spec00","SC15-08","LeafLitter",1565.786403,1125.893668375,439.892734625
"29spec01","SC15-08","LeafLitter",1482.364875,1125.893668375,356.471206625
"29spec02","SC15-08","LeafLitter",1898.884142,1125.893668375,772.990473625
"29spec03","SC15-08","LeafLitter",1617.802887,1125.893668375,491.909218625
"29spec04","SC15-08","LeafLitter",1658.371629,1125.893668375,532.477960625
"29spec05","SC15-08","LeafLitter",1958.907602,1125.893668375,833.013933625
"29spec06","SC15-08","LeafLitter",1441.989572,1125.893668375,316.095903625
"29spec07","SC15-08","LeafLitter",1228.334123,1125.893668375,102.440454625
"29spec08","SC15-08","LeafLitter",1115.019347,1125.893668375,-10.8743213750001
"29spec09","SC15-08","LeafLitter",917.8503474,1125.893668375,-208.043320975
"29spec10","SC15-08","LeafLitter",1033.08103,1125.893668375,-92.812638375
"29spec11","SC15-08","LeafLitter",742.4979508,1125.893668375,-383.395717575
"29spec12","SC15-08","LeafLitter",869.9366756,1125.893668375,-255.956992775
"29spec13","SC15-08","LeafLitter",1147.611672,1125.893668375,21.7180036249999
"29spec14","SC15-08","LeafLitter",650.7923602,1125.893668375,-475.101308175
"29spec15","SC15-08","LeafLitter",630.272025,1125.893668375,-495.621643375
"29spec16","SC15-08","LeafLitter",1384.513223,1125.893668375,258.619554625
"29spec38","SC15-09","LeafLitter",2203.46548,1125.893668375,1077.571811625
"29spec39","SC15-09","LeafLitter",2598.450894,1125.893668375,1472.557225625
"29spec40","SC15-09","LeafLitter",1764.973538,1125.893668375,639.079869625
"29spec41","SC15-09","LeafLitter",2857.323447,1125.893668375,1731.429778625
"29spec42","SC15-09","LeafLitter",2416.947644,1125.893668375,1291.053975625
"29spec43","SC15-09","LeafLitter",1234.824095,1125.893668375,108.930426625
"29spec44","SC15-09","LeafLitter",2811.942094,1125.893668375,1686.048425625
"29spec45","SC15-09","LeafLitter",1824.617393,1125.893668375,698.723724625
"29spec46","SC15-09","LeafLitter",1317.369302,1125.893668375,191.475633625
"29spec47","SC15-09","LeafLitter",2065.874613,1125.893668375,939.980944625
"29spec48","SC15-09","LeafLitter",1208.584382,1125.893668375,82.6907136249999
"29spec49","SC15-09","LeafLitter",1637.301856,1125.893668375,511.408187625
"29spec50","SC15-09","LeafLitter",1420.429864,1125.893668375,294.536195625
"29spec51","SC15-09","LeafLitter",2034.16162,1125.893668375,908.267951625
"29spec52","SC15-09","LeafLitter",2186.705399,1125.893668375,1060.811730625
"29spec53","SC15-09","LeafLitter",1975.998294,1125.893668375,850.104625625
"29spec54","SC15-09","LeafLitter",1783.713478,1125.893668375,657.819809625
"29spec55","SC15-09","LeafLitter",1494.378138,1125.893668375,368.484469625
"29spec56","SC15-09","LeafLitter",1925.132996,1125.893668375,799.239327625
"29spec57","SC15-09","LeafLitter",2383.499098,1125.893668375,1257.605429625
"29spec86","SC15-15","LeafLitter",4900.106825,4278.15880625,621.948018749999
"29spec87","SC15-15","LeafLitter",5108.702287,4278.15880625,830.54348075
"29spec88","SC15-15","LeafLitter",3933.204904,4278.15880625,-344.95390225
"30spec09","SF15-02","DeadGrass",3836.673325,NA,NA
"30spec10","SF15-02","DeadGrass",3636.480541,NA,NA
"30spec11","SF15-02","DeadGrass",3624.873155,NA,NA
"30spec12","SF15-02","DeadGrass",4294.347168,NA,NA
"30spec33","FA15-01","DeadFerns",3977.279282,NA,NA
"30spec34","FA15-01","DeadFerns",3788.639727,NA,NA
"30spec35","FA15-01","DeadFerns",5101.259118,NA,NA
"30spec36","FA15-01","DeadFerns",3195.652271,NA,NA
"30spec37","FA15-01","DeadFerns",2773.553055,NA,NA
"30spec38","FA15-01","DeadFerns",5848.464541,NA,NA
"30spec39","FA15-01","DeadFerns",3771.343379,NA,NA
"30spec40","FA15-01","DeadFerns",2432.035691,NA,NA
"30spec41","FA15-01","DeadFerns",5428.629388,NA,NA
"30spec42","FA15-01","DeadFerns",3719.250137,NA,NA
"30spec43","FA15-01","DeadFerns",2221.821654,NA,NA
"30spec44","FA15-01","DeadFerns",3591.903226,NA,NA
"30spec45","FA15-01","DeadFerns",3211.349035,NA,NA
"30spec46","FA15-01","DeadFerns",3400.888355,NA,NA
"30spec47","FA15-01","DeadFerns",2919.640155,NA,NA
"30spec48","FA15-01","DeadFerns",3960.832415,NA,NA
"30spec49","FA15-01","DeadFerns",4623.556006,NA,NA
"30spec50","FA15-01","DeadFerns",2212.211777,NA,NA
"30spec51","FA15-01","DeadFerns",2849.900177,NA,NA
"30spec52","FA15-01","DeadFerns",3314.214427,NA,NA
"30spec53","FA15-01","DeadFerns",3349.962754,NA,NA
"30spec54","FA15-01","DeadFerns",4546.248699,NA,NA
"30spec55","FA15-04","DeadFerns",5042.932551,NA,NA
"30spec56","FA15-04","DeadFerns",3378.761771,NA,NA
"30spec57","FA15-04","DeadFerns",3502.649578,NA,NA
"30spec58","FA15-04","DeadFerns",3273.644071,NA,NA
"30spec59","FA15-04","DeadFerns",1873.226198,NA,NA
"30spec60","FA15-04","DeadFerns",3482.153845,NA,NA
"30spec62","FA15-02","DeadFerns",2837.495483,NA,NA
"30spec63","FA15-02","DeadFerns",2701.498417,NA,NA
"30spec64","FA15-02","DeadFerns",2388.487881,NA,NA
"30spec65","FA15-02","DeadFerns",2694.171317,NA,NA
"30spec66","FA15-02","DeadFerns",2405.756891,NA,NA
"30spec67","FA15-02","DeadFerns",3208.406332,NA,NA
"30spec68","FA15-02","DeadFerns",2250.857809,NA,NA
"30spec69","FA15-03","DeadFerns",5891.53474,NA,NA
"30spec70","FA15-03","DeadFerns",2601.528323,NA,NA
"30spec71","FA15-03","DeadFerns",3250.901884,NA,NA
"30spec72","FA15-03","DeadFerns",3000.805025,NA,NA
"30spec73","FA15-03","DeadFerns",2506.343699,NA,NA
"30spec74","FA15-03","DeadFerns",2998.627523,NA,NA
"30spec75","FA15-03","DeadFerns",2449.753459,NA,NA
"30spec76","FA15-03","DeadFerns",3347.850907,NA,NA
"30spec77","FA15-03","DeadFerns",2677.37483,NA,NA
"30spec78","FA15-03","DeadFerns",3542.311965,NA,NA
"30spec79","FA15-03","DeadFerns",2993.937319,NA,NA
"30spec80","FA15-03","DeadFerns",2553.870392,NA,NA
"30spec81","FA15-03","DeadFerns",2747.666526,NA,NA
"30spec82","FA15-03","DeadFerns",4240.623256,NA,NA
"30spec83","FA15-03","DeadFerns",2293.377943,NA,NA
"30spec84","FA15-03","DeadFerns",2915.947895,NA,NA
"30spec85","FA15-03","DeadFerns",4067.695064,NA,NA
"30spec86","FA15-03","DeadFerns",2963.538055,NA,NA
"30spec87","FA15-03","DeadFerns",3448.796953,NA,NA
"30spec88","FA15-03","DeadFerns",3760.214021,NA,NA
"30spec89","FA15-03","DeadFerns",3215.096162,NA,NA
"30spec90","FA15-03","DeadFerns",2818.836638,NA,NA
"30spec91","FA15-05","DeadFerns",5643.424442,NA,NA
"30spec92","FA15-05","DeadFerns",4291.139377,NA,NA
"30spec93","FA15-05","DeadFerns",5813.187359,NA,NA
"30spec94","FA15-05","DeadFerns",3523.037467,NA,NA
"30spec95","FA15-05","DeadFerns",5403.252172,NA,NA
"30spec96","FA15-05","DeadFerns",4440.14907,NA,NA
"30spec97","FA15-06","DeadFerns",5858.994942,NA,NA
"30spec98","FA15-06","DeadFerns",2713.828473,NA,NA
"30spec99","FA15-06","DeadFerns",5968.814394,NA,NA
"31spec01","FA15-06","DeadFerns",2413.605873,NA,NA
"31spec02","FA15-06","DeadFerns",3141.439508,NA,NA
"31spec03","FA15-06","DeadFerns",3063.938415,NA,NA
"31spec04","FA15-06","DeadFerns",1954.696324,NA,NA
"31spec05","FA15-06","DeadFerns",8461.48975,NA,NA
"31spec06","FA15-06","DeadFerns",3076.531616,NA,NA
"31spec07","FA15-06","DeadFerns",2515.919548,NA,NA
"31spec08","FA15-06","DeadFerns",2972.129294,NA,NA
"31spec09","FA15-06","DeadFerns",4054.640816,NA,NA
"31spec10","FA15-06","DeadFerns",4054.260131,NA,NA
"31spec11","FA15-06","DeadFerns",3629.445101,NA,NA
"31spec12","FA15-06","DeadFerns",4210.200892,NA,NA
"31spec13","FA15-06","DeadFerns",3798.229526,NA,NA
"31spec14","FA15-06","DeadFerns",3815.331113,NA,NA
"31spec15","FA15-06","DeadFerns",2956.301938,NA,NA
"31spec16","FA15-06","DeadFerns",3395.304528,NA,NA
"31spec17","FA15-06","DeadFerns",4495.872289,NA,NA
"31spec18","DA15-02","Uwood",3899.825832,NA,NA
"31spec19","DA15-02","Uwood",4234.402702,NA,NA
"31spec20","DA15-02","Uwood",3910.606748,NA,NA
"31spec21","DA15-02","Uwood",4368.476347,NA,NA
"31spec22","DA15-02","Uwood",5775.213248,NA,NA
"31spec23","DA15-02","Uwood",4399.031228,NA,NA
"31spec24","DA15-02","Uwood",3868.166829,NA,NA
"31spec25","DA15-02","Uwood",3750.76665,NA,NA
"31spec26","DA15-02","Uwood",3495.847678,NA,NA
"31spec27","DA15-02","Uwood",3588.843118,NA,NA
"31spec28","DA15-02","Uwood",3736.175415,NA,NA
"31spec29","DA15-02","Uwood",3142.916312,NA,NA
"31spec30","DA15-02","Uwood",3280.581867,NA,NA
"31spec31","DA15-02","Uwood",3495.707832,NA,NA
"31spec32","DA15-02","Uwood",3680.965496,NA,NA
"31spec33","DA15-02","Uwood",4275.687071,NA,NA
"31spec34","DA15-02","Uwood",5880.372367,NA,NA
"31spec35","DA15-02","Uwood",3552.838222,NA,NA
"31spec36","DA15-02","Uwood",4061.926598,NA,NA
"31spec68","DA15-04","Twig",9576.567134,5213.90112775,4362.66600625
"31spec69","DA15-04","Twig",12911.85601,5213.90112775,7697.95488225
"31spec70","DA15-04","Twig",12893.19018,5213.90112775,7679.28905225
"31spec71","DA15-04","Twig",11620.11481,5213.90112775,6406.21368225
"31spec72","DA15-05","DeadGrass",3549.568511,NA,NA
"31spec73","DA15-05","DeadGrass",4076.876405,NA,NA
"31spec74","DA15-05","DeadGrass",4614.926382,NA,NA
"31spec75","DA15-05","DeadGrass",3505.26307,NA,NA
"31spec76","DA15-05","DeadGrass",2687.845371,NA,NA
"31spec77","DA15-05","DeadGrass",3199.441589,NA,NA
"31spec78","DA15-05","DeadGrass",3282.470183,NA,NA
"31spec79","DA15-05","DeadGrass",4447.604007,NA,NA
"31spec80","DA15-05","DeadGrass",4623.397408,NA,NA
"31spec81","DA15-05","DeadGrass",3866.290877,NA,NA
"31spec82","DA15-05","DeadGrass",4299.779145,NA,NA
"31spec83","DA15-05","DeadGrass",5888.570829,NA,NA
"31spec84","DA15-05","DeadGrass",5314.739357,NA,NA
"31spec85","DA15-05","DeadGrass",6764.994824,NA,NA
"31spec86","DA15-05","DeadGrass",4165.524062,NA,NA
"31spec87","DA15-05","DeadGrass",3080.581883,NA,NA
"31spec88","DA15-05","DeadGrass",2983.500829,NA,NA
"31spec89","DA15-05","DeadGrass",5174.446447,NA,NA
"31spec90","DA15-05","DeadGrass",4015.689155,NA,NA
"31spec91","DA15-05","DeadGrass",5586.618095,NA,NA
"31spec92","DA15-05","DeadGrass",6517.519356,NA,NA
"31spec93","DA15-08","Twig",10410.35376,NA,NA
"31spec94","DA15-08","Twig",7910.975651,NA,NA
"31spec95","DA15-08","Twig",10647.25772,NA,NA
"31spec97","DA15-08","Urock",8538.541088,NA,NA
"31spec98","DA15-08","Urock",6794.737501,NA,NA
"31spec99","DA15-08","Urock",10308.24657,NA,NA
"32spec00","DA15-08","Urock",5540.405443,NA,NA
"32spec01","DA15-08","Urock",5717.405106,NA,NA
"32spec02","DA15-08","Urock",5182.525786,NA,NA
"32spec03","DA15-08","Urock",4505.122242,NA,NA
"32spec04","DA15-08","Urock",6415.013338,NA,NA
"32spec05","DA15-08","Urock",6567.946117,NA,NA
"32spec06","DA15-08","Urock",5442.808792,NA,NA
"32spec07","DA15-08","Urock",5737.721697,NA,NA
"32spec08","DA15-08","Urock",5476.97061,NA,NA
"32spec09","DA15-08","Urock",5028.218375,NA,NA
"32spec10","DA15-08","Urock",7308.37246,NA,NA
"32spec11","DA15-08","Urock",5841.70409,NA,NA
"32spec12","DA15-08","Urock",6502.485828,NA,NA
"32spec13","DA15-08","Urock",7271.323057,NA,NA
"32spec14","DA15-08","Urock",6800.849445,NA,NA
"32spec15","DA15-08","Urock",5639.609889,NA,NA
"32spec56","DA15-10","Uwood",4629.193351,NA,NA
"32spec57","DA15-10","Uwood",4120.991189,NA,NA
"32spec58","DA15-10","Uwood",4937.088268,NA,NA
"32spec59","DA15-10","Uwood",4230.188366,NA,NA
"32spec60","DA15-10","Uwood",4729.486748,NA,NA
"32spec61","DA15-10","Uwood",5721.000099,NA,NA
"32spec62","DA15-10","Uwood",6624.152574,NA,NA
"32spec63","DA15-10","Uwood",4072.730516,NA,NA
"32spec64","DA15-10","Uwood",3592.973171,NA,NA
"32spec65","DA15-10","Uwood",3859.60412,NA,NA
"32spec66","DA15-10","Uwood",3062.741778,NA,NA
"32spec67","DA15-10","Uwood",4476.764484,NA,NA
"32spec68","DA15-10","Uwood",4450.161719,NA,NA
"32spec69","DA15-10","Uwood",3152.398589,NA,NA
"32spec70","DA15-10","Uwood",3765.680136,NA,NA
"32spec71","DA15-10","Uwood",4092.059491,NA,NA
"32spec72","DA15-10","Uwood",4294.664016,NA,NA
"32spec73","DA15-10","Uwood",3639.951372,NA,NA
"32spec74","DA15-10","Uwood",4134.194761,NA,NA
"32spec75","DA15-10","Uwood",5604.56443,NA,NA
"32spec76","DA15-10","Uwood",4180.050902,NA,NA
"34spec17","SN15-01","GreenLeaf",12876.60984,2947.39937885,9929.21046115
"34spec18","SN15-01","GreenLeaf",11014.95742,2947.39937885,8067.55804115
"34spec19","SN15-01","GreenLeaf",12099.01616,2947.39937885,9151.61678115
"34spec20","SN15-01","GreenLeaf",9555.260864,2947.39937885,6607.86148515
"34spec21","SN15-01","GreenLeaf",11404.02764,2947.39937885,8456.62826115
"34spec22","SN15-01","GreenLeaf",6011.15507,2947.39937885,3063.75569115
"34spec23","SN15-01","GreenLeaf",8718.212084,2947.39937885,5770.81270515
"34spec24","SN15-01","GreenLeaf",7053.086265,2947.39937885,4105.68688615
"34spec25","SN15-01","GreenLeaf",9212.746585,2947.39937885,6265.34720615
"34spec26","SN15-01","GreenLeaf",9069.185423,2947.39937885,6121.78604415
"34spec27","SN15-01","GreenLeaf",8253.176161,2947.39937885,5305.77678215
"34spec28","SN15-01","GreenLeaf",6457.99745,2947.39937885,3510.59807115
"34spec29","SN15-01","GreenLeaf",9543.463955,2947.39937885,6596.06457615
"34spec30","SN15-01","GreenLeaf",10069.43898,2947.39937885,7122.03960115
"34spec31","SN15-01","GreenLeaf",10638.69928,2947.39937885,7691.29990115
"34spec32","SN15-01","GreenLeaf",6162.770722,2947.39937885,3215.37134315
"34spec33","SN15-01","GreenLeaf",9331.63475,2947.39937885,6384.23537115
"34spec34","SN15-01","GreenLeaf",10341.72177,2947.39937885,7394.32239115
"34spec35","SN15-01","GreenLeaf",11051.08395,2947.39937885,8103.68457115
"34spec36","SN15-01","GreenLeaf",7478.919677,2947.39937885,4531.52029815
"34spec37","SN15-01","GreenLeaf",6775.050101,2947.39937885,3827.65072215
"34spec38","SN15-01","GreenLeaf",9952.328184,2947.39937885,7004.92880515
"34spec39","SN15-01","GreenLeaf",8228.185654,2947.39937885,5280.78627515
"34spec40","SN15-02","GreenLeaf",9304.299484,2947.39937885,6356.90010515
"34spec41","SN15-02","GreenLeaf",7462.298523,2947.39937885,4514.89914415
"34spec42","SN15-02","GreenLeaf",11550.62468,2947.39937885,8603.22530115
"34spec43","SN15-02","GreenLeaf",9435.474299,2947.39937885,6488.07492015
"34spec44","SN15-02","GreenLeaf",12955.23889,2947.39937885,10007.83951115
"34spec45","SN15-02","GreenLeaf",7805.815855,2947.39937885,4858.41647615
"34spec46","SN15-02","GreenLeaf",12703.02209,2947.39937885,9755.62271115
"34spec47","SN15-02","GreenLeaf",14591.71436,2947.39937885,11644.31498115
"34spec48","SN15-02","GreenLeaf",8328.705673,2947.39937885,5381.30629415
"34spec49","SN15-02","GreenLeaf",17194.47311,2947.39937885,14247.07373115
"34spec50","SN15-02","GreenLeaf",12239.4787,2947.39937885,9292.07932115
"34spec51","SN15-02","GreenLeaf",11079.18716,2947.39937885,8131.78778115
"34spec52","SN15-02","GreenLeaf",8018.888635,2947.39937885,5071.48925615
"34spec53","SN15-02","GreenLeaf",13086.01174,2947.39937885,10138.61236115
"34spec54","SN15-02","GreenLeaf",13011.05991,2947.39937885,10063.66053115
"34spec55","SN15-02","GreenLeaf",11674.90415,2947.39937885,8727.50477115
"34spec56","SN15-02","GreenLeaf",9747.131519,2947.39937885,6799.73214015
"34spec57","SN15-02","GreenLeaf",11837.24405,2947.39937885,8889.84467115
"34spec58","SN15-02","GreenLeaf",9643.522268,2947.39937885,6696.12288915
"34spec59","SN15-02","GreenLeaf",13605.6187,2947.39937885,10658.21932115
"34spec80","SN15-03","Twig",4757.787784,6034.46932555,-1276.68154155
"34spec81","SN15-03","Twig",5923.231602,6034.46932555,-111.23772355
"34spec82","SN15-03","Twig",6707.948542,6034.46932555,673.47921645
"34spec83","SN15-03","Twig",4673.435139,6034.46932555,-1361.03418655
"34spec84","SN15-03","Twig",6438.995025,6034.46932555,404.525699450001
"34spec85","SN15-03","Twig",5868.208706,6034.46932555,-166.260619549999
"34spec86","SN15-03","Twig",7678.134683,6034.46932555,1643.66535745
"34spec87","SN15-03","Twig",11925.36955,6034.46932555,5890.90022445
"34spec88","SN15-03","Twig",9442.47623,6034.46932555,3408.00690445
"34spec89","SN15-03","Twig",6859.02979,6034.46932555,824.56046445
"34spec90","SN15-03","Twig",4067.897619,6034.46932555,-1966.57170655
"34spec91","SN15-03","Twig",4007.825048,6034.46932555,-2026.64427755
"34spec92","SN15-03","Twig",5024.009596,6034.46932555,-1010.45972955
"34spec93","SN15-03","Twig",6879.281925,6034.46932555,844.812599450001
"34spec94","SN15-03","Twig",6907.803215,6034.46932555,873.33388945
"34spec95","SN15-03","Twig",6945.024597,6034.46932555,910.55527145
"34spec96","SN15-03","Twig",4929.757489,6034.46932555,-1104.71183655
"34spec97","SN15-03","Twig",10136.6773,6034.46932555,4102.20797445
"34spec98","SN15-03","Twig",6115.05573,6034.46932555,80.5864044500004
"34spec99","SN15-03","Twig",4987.344186,6034.46932555,-1047.12513955
"35spec21","SC14-15","Twig",5211.47176,NA,NA
"35spec23","FL15-01","LeafLitter",5267.906571,1064.072497025,4203.834073975
"35spec24","FL15-01","LeafLitter",4407.908885,1064.072497025,3343.836387975
"35spec25","FL15-01","LeafLitter",5299.043325,1064.072497025,4234.970827975
"35spec26","FL15-01","LeafLitter",5454.1097,1064.072497025,4390.037202975
"35spec27","FL15-01","LeafLitter",5078.946393,1064.072497025,4014.873895975
"38spec03","AL15-01","",5580.323928,NA,NA
"38spec04","AL15-01","",5767.711705,NA,NA
"38spec05","AL15-01","",5089.671285,NA,NA
"38spec06","AL15-01","",4112.498896,NA,NA
"38spec07","AL15-01","",7752.420455,NA,NA
"38spec08","AL15-01","",6202.604302,NA,NA
"38spec09","AL15-01","",7750.355787,NA,NA
"38spec10","AL15-01","",5395.118824,NA,NA
"38spec11","AL15-01","",3090.240918,NA,NA
"38spec13","AL15-01","",9414.811822,NA,NA
"38spec14","AL15-01","",4829.376583,NA,NA
"38spec15","AL15-01","",4350.693002,NA,NA
"38spec16","AL15-01","",7243.69001,NA,NA
"38spec17","AL15-01","",3550.164918,NA,NA
"38spec18","AL15-01","",5267.170175,NA,NA
"38spec19","AL15-01","",5174.494297,NA,NA
"38spec20","AL15-01","",4871.121331,NA,NA
"38spec21","AL15-01","",5139.804231,NA,NA
"38spec22","AL15-02","",9416.505646,NA,NA
"38spec23","AL15-02","",5669.954762,NA,NA
"38spec24","AL15-02","",9277.351737,NA,NA
"38spec25","AL15-02","",8216.750107,NA,NA
"38spec26","AL15-02","",5617.979683,NA,NA
"38spec27","AL15-02","",12535.7369,NA,NA
"38spec28","AL15-02","",6102.692959,NA,NA
"38spec29","AL15-02","",18461.98565,NA,NA
"38spec30","AL15-02","",5056.083669,NA,NA
"38spec31","AL15-02","",6718.240454,NA,NA
"38spec32","AL15-02","",5063.422932,NA,NA
"38spec33","AL15-02","",4455.518439,NA,NA
"38spec34","AL15-02","",5733.788589,NA,NA
"38spec35","AL15-02","",4312.813043,NA,NA
"38spec36","AL15-02","",3304.855677,NA,NA
"38spec37","AL15-02","",7944.12463,NA,NA
"38spec38","AL15-02","",6975.478935,NA,NA
"38spec39","AL15-02","",5844.935746,NA,NA
"39spec41","SA16-08","",15540.41806,NA,NA
"39spec42","SA16-08","",20789.39891,NA,NA
"39spec43","SA16-08","",14107.0041,NA,NA
"39spec44","SA16-08","",15127.09882,NA,NA
"39spec45","SA16-08","",18917.58194,NA,NA
"39spec46","SA16-08","",11829.92606,NA,NA
"39spec47","SA16-08","",11963.55169,NA,NA
"39spec48","SA16-08","",10070.03138,NA,NA
"39spec49","SA16-08","",12055.52778,NA,NA
"39spec50","SA16-08","",20897.72156,NA,NA
"39spec51","SA16-08","",16882.33401,NA,NA
"39spec52","SA16-08","",15727.41278,NA,NA
"39spec53","SA16-09","",18659.45844,NA,NA
"39spec54","SA16-09","",14788.75135,NA,NA
"39spec55","SA16-09","",12718.28039,NA,NA
"39spec56","SA16-09","",11368.77046,NA,NA
"39spec57","SA16-09","",12278.99198,NA,NA
"39spec58","SA16-09","",12668.81281,NA,NA
"39spec59","SA16-09","",13187.12234,NA,NA
"39spec60","SA16-09","",17118.53177,NA,NA
"39spec61","SA16-09","",15857.15188,NA,NA
"39spec62","SA16-09","",15404.0589,NA,NA
"39spec63","SA16-09","",15356.71706,NA,NA
"39spec79","SA16-10","",21639.87273,NA,NA
"39spec80","SA16-10","",18654.07596,NA,NA
"39spec81","SA16-10","",13496.12191,NA,NA
"39spec82","SA16-10","",18022.51228,NA,NA
"39spec83","SA16-10","",16627.40025,NA,NA
"39spec84","SA16-10","",18309.16553,NA,NA
"39spec85","SA16-10","",16982.28497,NA,NA
"39spec86","SA16-10","",15841.75095,NA,NA
"39spec87","SA16-10","",17430.90568,NA,NA
"39spec88","SA16-10","",16606.20791,NA,NA
"39spec89","SA16-10","",17677.54423,NA,NA
"39spec90","SA16-10","",19601.18529,NA,NA
"39spec91","SA16-10","",14840.78571,NA,NA
"39spec92","SA16-10","",16015.96383,NA,NA
"39spec93","SA16-10","",17685.34099,NA,NA
"39spec94","SA16-10","",15725.34914,NA,NA
"39spec95","SA16-10","",18010.71039,NA,NA
"39spec96","SA16-10","",20211.76831,NA,NA
"39spec97","SA16-10","",15728.55754,NA,NA
"39spec98","SA16-10","",17750.18691,NA,NA
"39spec99","SA16-10","",16689.80334,NA,NA
"40spec00","SA16-10","",15380.53388,NA,NA
"40spec01","SA16-10","",12848.1736,NA,NA
"40spec02","SA16-10","",24191.24207,NA,NA
"40spec03","SA16-10","",18490.25697,NA,NA
"40spec04","SA16-10","",13145.59559,NA,NA
"40spec05","SA16-10","",18656.08774,NA,NA
"40spec06","SA16-10","",24337.09218,NA,NA
"40spec07","SA16-10","",17854.97538,NA,NA
"40spec08","SA16-10","",16094.50712,NA,NA
"40spec09","SA16-10","",11602.88269,NA,NA
"40spec27","SA16-02","",6546.432712,NA,NA
"40spec28","SA16-02","",5497.51692,NA,NA
"40spec29","SA16-02","",7276.390786,NA,NA
"40spec30","SA16-02","",5561.913899,NA,NA
"40spec31","SA16-02","",6700.536049,NA,NA
"40spec32","SA16-02","",6383.142416,NA,NA
"40spec33","SA16-02","",6201.332291,NA,NA
"40spec34","SA16-02","",6059.495298,NA,NA
"40spec35","SA16-02","",7265.453638,NA,NA
"40spec36","SA16-02","",7264.570967,NA,NA
"40spec37","SA16-02","",5567.147595,NA,NA
"40spec38","SA16-02","",7321.469661,NA,NA
"40spec39","SA16-02","",7495.397688,NA,NA
"40spec40","SA16-02","",5703.714022,NA,NA
"40spec41","SA16-02","",5956.305821,NA,NA
"40spec42","SA16-02","",4961.09272,NA,NA
"40spec43","SA16-02","",4908.084345,NA,NA
"40spec44","SA16-02","",5660.651196,NA,NA
"40spec45","SA16-02","",5989.567204,NA,NA
"40spec46","SA16-02","",5903.214197,NA,NA
"40spec47","SA16-02","",7445.89117,NA,NA
"40spec48","SA16-02","",6837.627339,NA,NA
"40spec49","SA16-02","",5990.886921,NA,NA
"40spec50","SA16-02","",6885.909264,NA,NA
"40spec51","SA16-02","",5760.938859,NA,NA
"40spec52","SA16-02","",6638.797392,NA,NA
"40spec70","SA16-03","",4934.366274,NA,NA
"40spec71","SA16-03","",5755.311293,NA,NA
"40spec72","SA16-03","",5660.145239,NA,NA
"40spec73","SA16-03","",5247.326343,NA,NA
"40spec74","SA16-05","",7547.539009,NA,NA
"40spec75","SA16-05","",9846.435166,NA,NA
"40spec76","SA16-05","",15211.76429,NA,NA
"40spec77","SA16-05","",10903.73065,NA,NA
"40spec78","SA16-05","",14177.22577,NA,NA
"40spec79","SA16-05","",8317.538639,NA,NA
"40spec80","SA16-05","",6715.800196,NA,NA
"40spec81","SA16-05","",11707.64309,NA,NA
"40spec82","SA16-05","",7898.250604,NA,NA
"40spec83","SA16-05","",9055.132084,NA,NA
"40spec84","SA16-05","",9273.828183,NA,NA
"41spec00","SA16-05","",6490.535856,NA,NA
"41spec01","SA16-05","",12858.95683,NA,NA
"41spec02","SA16-05","",5939.414915,NA,NA
"41spec03","SA16-05","",5490.02487,NA,NA
"41spec04","SA16-05","",7514.032456,NA,NA
"41spec05","SA16-05","",6678.759083,NA,NA
"41spec06","SA16-05","",5893.987644,NA,NA
"41spec07","SA16-05","",6817.172168,NA,NA
"41spec08","SA16-05","",11634.55209,NA,NA
"41spec09","SA16-05","",8597.29266,NA,NA
"41spec25","SA16-06","",15206.38727,NA,NA
"41spec26","SA16-06","",13074.20524,NA,NA
"41spec27","SA16-06","",16665.24514,NA,NA
"41spec28","SA16-06","",11441.93387,NA,NA
"41spec29","SA16-06","",11057.39082,NA,NA
"41spec30","SA16-06","",12171.3851,NA,NA
"41spec31","SA16-06","",15107.29007,NA,NA
"41spec32","SA16-06","",8163.334976,NA,NA
"41spec33","SA16-06","",13283.88356,NA,NA
"41spec34","SA16-06","",10331.74756,NA,NA
"41spec35","SA16-06","",8150.119561,NA,NA
"41spec36","SA16-06","",6005.744936,NA,NA
"41spec37","SA16-06","",11758.73105,NA,NA
"41spec38","SA16-07","",19824.2083,NA,NA
"41spec39","SA16-07","",23762.64853,NA,NA
"41spec40","SA16-07","",28511.78093,NA,NA
"41spec41","SA16-07","",22155.60537,NA,NA
"41spec42","SA16-07","",26162.04696,NA,NA
"41spec43","SA16-07","",13727.82468,NA,NA
"41spec44","SA16-07","",21082.45857,NA,NA
"41spec45","SA16-07","",19188.67617,NA,NA
"41spec46","SA16-07","",14624.06062,NA,NA
"41spec47","SA16-07","",16195.4668,NA,NA
"41spec48","SA16-07","",31330.93979,NA,NA
"41spec49","SA16-07","",20282.20692,NA,NA
"41spec50","SA16-07","",21383.78315,NA,NA
"41spec51","SA16-07","",17281.51119,NA,NA
"41spec52","SA16-07","",12184.53249,NA,NA
"41spec68","SA16-11","",9369.70869,NA,NA
"41spec69","SA16-11","",7897.171297,NA,NA
"41spec70","SA16-12","",15336.70963,NA,NA
"41spec71","SA16-12","",10457.96168,NA,NA
"41spec72","SA16-12","",5963.586849,NA,NA
"41spec73","SA16-12","",6986.864537,NA,NA
"41spec74","SA16-12","",7263.150851,NA,NA
"41spec75","SA16-12","",7602.105878,NA,NA
"41spec76","SA16-12","",8544.240915,NA,NA
"41spec77","SA16-12","",8000.086617,NA,NA
"41spec78","SA16-12","",13304.96462,NA,NA
"41spec79","SA16-12","",6623.378911,NA,NA
"41spec80","SA16-12","",9113.141667,NA,NA
"41spec96","SA16-12","",21280.78995,NA,NA
"41spec97","SA16-12","",14285.2762,NA,NA
"41spec98","SA16-12","",18170.36941,NA,NA
"41spec99","SA16-12","",21471.61474,NA,NA
"42spec00","SA16-12","",14713.03125,NA,NA
"42spec01","SA16-12","",17713.1376,NA,NA
"42spec02","SA16-12","",16717.44006,NA,NA
